row,Pedigree,Genotype,year,field,block,nitrogen,sb,spb,Treatment,Rep,quadrant,Weight.of.20.seeds,cob length,cob weight,cob diameter
1001,Ames 19311,A641,2019,Havelock,B1,+N,sb1,spb1,Nitrogen,1,1,NA,10.9,NA,NA
1003,PI 550483,B76,2019,Havelock,B1,+N,sb1,spb1,Nitrogen,1,1,6.4,12.76666667,18.63333333,26.26666667
1005,PI 587141,A654,2019,Havelock,B1,+N,sb1,spb1,Nitrogen,1,1,NA,14.96666667,NA,NA
1007,Ames 23405,A239,2019,Havelock,B1,+N,sb1,spb1,Nitrogen,1,1,5.5,11.85,8.35,19.9
1009,PI 587143,A682,2019,Havelock,B1,+N,sb1,spb1,Nitrogen,1,1,6,16.25,14.4,20.4
1011,Ames 19313,C123,2019,Havelock,B1,+N,sb1,spb1,Nitrogen,1,1,NA,NA,NA,NA
1013,PI 587138,A554,2019,Havelock,B1,+N,sb1,spb1,Nitrogen,1,1,4.8,9.733333333,9.633333333,20.76666667
1015,Ames 27111,EP1,2019,Havelock,B1,+N,sb1,spb2,Nitrogen,1,1,NA,9.533333333,6.45,21.11666667
1017,Check,Check,2019,Havelock,B1,+N,sb1,spb2,Nitrogen,1,1,6.6,18.68333333,21.23333333,23.63333333
1019,PI 257507,F7,2019,Havelock,B1,+N,sb1,spb2,Nitrogen,1,1,3.1,11.31666667,9.4,19.83333333
1021,PI 686057,I29,2019,Havelock,B1,+N,sb1,spb2,Nitrogen,1,1,4.1,10.58333333,16.23333333,25.9
1023,Ames 27105,CO106,2019,Havelock,B1,+N,sb1,spb2,Nitrogen,1,1,NA,12.06666667,16.26666667,23.33333333
1025,Ames 24734,MS153,2019,Havelock,B1,+N,sb1,spb2,Nitrogen,1,1,NA,15.55,20.92,26.02
1027,Ames 20140,Mt42,2019,Havelock,B1,+N,sb1,spb2,Nitrogen,1,1,4,12.31666667,9.7,20.83333333
1029,PI 531085,NC262,2019,Havelock,B1,+N,sb1,spb3,Nitrogen,1,1,5.7,12.26666667,14.6,26.33333333
1031,PI 550566,N192,2019,Havelock,B1,+N,sb1,spb3,Nitrogen,1,1,NA,14.7,13.175,22.975
1033,Ames 19016,Va59,2019,Havelock,B1,+N,sb1,spb3,Nitrogen,1,1,5.7,14.08333333,15.5,21.26666667
1035,Ames 27142,NC292,2019,Havelock,B1,+N,sb1,spb3,Nitrogen,1,1,NA,11.275,NA,NA
1037,PI 524969,SD44,2019,Havelock,B1,+N,sb1,spb3,Nitrogen,1,1,NA,8.866666667,8.916666667,20.7
1039,Ames 19330,W182B,2019,Havelock,B1,+N,sb1,spb3,Nitrogen,1,1,3.5,14.58333333,14.93333333,20.43333333
1041,Check,Check,2019,Havelock,B1,+N,sb1,spb3,Nitrogen,1,1,6.4,19.4,18.56666667,20.96666667
1043,Ames 21512,CI31A,2019,Havelock,B1,+N,sb2,spb1,Nitrogen,1,1,4.5,11.18333333,12.53333333,21
1045,PI 606329,DE1,2019,Havelock,B1,+N,sb2,spb1,Nitrogen,1,1,NA,8.1,6.766666667,24.1
1047,Check,Check,2019,Havelock,B1,+N,sb2,spb1,Nitrogen,1,1,NA,19.06666667,21.81666667,22.43333333
1049,Ames 19309,A635,2019,Havelock,B1,+N,sb2,spb1,Nitrogen,1,1,3.9,11.25,7.133333333,19.5
1051,Check,Check,2019,Havelock,B1,+N,sb2,spb1,Nitrogen,1,1,6.5,18.51666667,17.2,21.3
1053,Ames 19284,C103,2019,Havelock,B1,+N,sb2,spb1,Nitrogen,1,1,NA,15.65,19.78333333,24.35
1055,Ames 27112,F2834T,2019,Havelock,B1,+N,sb2,spb1,Nitrogen,1,1,6.6,12.55,11.2,19.3
1057,Check,Check,2019,Havelock,B1,+N,sb2,spb2,Nitrogen,1,1,6.4,16.75,14.93333333,20.03333333
1059,Ames 27260,Ki44,2019,Havelock,B1,+N,sb2,spb2,Nitrogen,1,1,NA,7.9,3.36,18.62
1061,Ames 27141,NC290A,2019,Havelock,B1,+N,sb2,spb2,Nitrogen,1,1,NA,11.78,14.46,26.96
1063,PI 520774,NC264,2019,Havelock,B1,+N,sb2,spb2,Nitrogen,1,1,4.6,11.21666667,7.266666667,18.86666667
1065,Check,Check,2019,Havelock,B1,+N,sb2,spb2,Nitrogen,1,1,5.7,17.46666667,15.56666667,19.4
1067,Ames 27172,NC352,2019,Havelock,B1,+N,sb2,spb2,Nitrogen,1,1,5.3,14.83333333,8.466666667,21.93333333
1069,Ames 27147,NC302,2019,Havelock,B1,+N,sb2,spb2,Nitrogen,1,1,6.5,11.96666667,9,20.66666667
1071,NSL 30053,W22,2019,Havelock,B1,+N,sb2,spb3,Nitrogen,1,1,NA,11.88,13.12,23.2
1073,Check,Check,2019,Havelock,B1,+N,sb2,spb3,Nitrogen,1,1,5.9,15.43333333,14.33333333,20.06666667
1075,Check,Check,2019,Havelock,B1,+N,sb2,spb3,Nitrogen,1,1,5.2,14.56666667,10.9,19.8
1077,PI 587152,W64A,2019,Havelock,B1,+N,sb2,spb3,Nitrogen,1,1,3.5,8.1,5.7,19.93333333
1079,Check,Check,2019,Havelock,B1,+N,sb2,spb3,Nitrogen,1,1,NA,17,14.75,21.28333333
1081,Ames 27181,NC370,2019,Havelock,B1,+N,sb2,spb3,Nitrogen,1,1,4.7,11,8.9,19.66666667
1083,PI 686065,SA24,2019,Havelock,B1,+N,sb2,spb3,Nitrogen,1,1,2.8,14.65,9.233333333,15.86666667
1101,Ames 19316,CM174,2019,Havelock,B1,+N,sb1,spb1,Nitrogen,1,1,3.9,13.18333333,16.06666667,24.73333333
1103,PI 608774,B75,2019,Havelock,B1,+N,sb1,spb1,Nitrogen,1,1,6.8,12.71666667,14.8,22.56666667
1105,Ames 22443,A188,2019,Havelock,B1,+N,sb1,spb1,Nitrogen,1,1,5.7,11.21666667,11.1,20.85
1107,PI 594046,B103,2019,Havelock,B1,+N,sb1,spb1,Nitrogen,1,1,5.1,13.13333333,12.43333333,22.1
1109,Check,Check,2019,Havelock,B1,+N,sb1,spb1,Nitrogen,1,1,5.6,17.6,17.03333333,21.83333333
1111,PI 587139,A619,2019,Havelock,B1,+N,sb1,spb1,Nitrogen,1,1,NA,10.8,8.933333333,26.5
1113,Ames 27067,C49A,2019,Havelock,B1,+N,sb1,spb1,Nitrogen,1,1,NA,11.98333333,16.06666667,26.73333333
1115,Ames 27135,MEF156-55-2,2019,Havelock,B1,+N,sb1,spb2,Nitrogen,1,1,NA,NA,NA,NA
1117,Ames 20190,CM37,2019,Havelock,B1,+N,sb1,spb2,Nitrogen,1,1,NA,11.65,10.21666667,22.85
1119,PI 587135,Ia5125,2019,Havelock,B1,+N,sb1,spb2,Nitrogen,1,1,NA,6.75,5.2,20.26666667
1121,Ames 27104,CMV3,2019,Havelock,B1,+N,sb1,spb2,Nitrogen,1,1,NA,NA,NA,NA
1123,PI 686063,IDS91,2019,Havelock,B1,+N,sb1,spb2,Nitrogen,1,1,NA,13.18333333,9.916666667,20.13333333
1125,Ames 27107,CO255,2019,Havelock,B1,+N,sb1,spb2,Nitrogen,1,1,3.9,12.81666667,8.633333333,20.9
1127,Ames 27070,CM7,2019,Havelock,B1,+N,sb1,spb2,Nitrogen,1,1,NA,9.033333333,7.44,20.74
1129,Ames 27154,NC316,2019,Havelock,B1,+N,sb1,spb3,Nitrogen,1,1,NA,4,NA,NA
1131,Check,Check,2019,Havelock,B1,+N,sb1,spb3,Nitrogen,1,1,7,19.38333333,20.4,21.7
1133,PI 587154,W153R,2019,Havelock,B1,+N,sb1,spb3,Nitrogen,1,1,5.3,8.371428571,7.033333333,16.5
1135,Ames 27162,NC332,2019,Havelock,B1,+N,sb1,spb3,Nitrogen,1,1,4.3,14.43333333,25.23333333,28.7
1137,Ames 19288,Oh43,2019,Havelock,B1,+N,sb1,spb3,Nitrogen,1,1,5.2,16.56666667,17.36666667,24.3
1139,Check,Check,2019,Havelock,B1,+N,sb1,spb3,Nitrogen,1,1,6.3,17.73333333,19.43333333,21.8
1141,Ames 19326,R168,2019,Havelock,B1,+N,sb1,spb3,Nitrogen,1,1,NA,9.233333333,5.116666667,19.28333333
1143,Ames 27087,CML220,2019,Havelock,B1,+N,sb2,spb1,Nitrogen,1,1,6.8,12.71666667,15.86666667,26.6
1145,PI 608766,B79,2019,Havelock,B1,+N,sb2,spb1,Nitrogen,1,1,5,11.63333333,14.03333333,29.43333333
1147,PI 587131,HP301,2019,Havelock,B1,+N,sb2,spb1,Nitrogen,1,1,NA,13.26,10.5,21.16
1149,Ames 27120,Il677a,2019,Havelock,B1,+N,sb2,spb1,Nitrogen,1,1,NA,12.66666667,11.21666667,24.33333333
1151,Ames 27083,CML154Q,2019,Havelock,B1,+N,sb2,spb1,Nitrogen,1,1,4.6,17,32.1,27.675
1153,PI 594047,B104,2019,Havelock,B1,+N,sb2,spb1,Nitrogen,1,1,5.2,13.86666667,21.93333333,25.76666667
1155,Ames 19319,H95,2019,Havelock,B1,+N,sb2,spb1,Nitrogen,1,1,3.9,12.75,13.8,24.13333333
1157,Ames 12731,NC230,2019,Havelock,B1,+N,sb2,spb2,Nitrogen,1,1,NA,10.65,10.01666667,23.03333333
1159,Ames 12734,NC236,2019,Havelock,B1,+N,sb2,spb2,Nitrogen,1,1,NA,11.98333333,11.36666667,20.95
1161,Ames 27137,N6,2019,Havelock,B1,+N,sb2,spb2,Nitrogen,1,1,5,13.75,17.2,24.66666667
1163,Ames 28366,N7A,2019,Havelock,B1,+N,sb2,spb2,Nitrogen,1,1,NA,12.8,NA,NA
1165,Ames 27164,NC336,2019,Havelock,B1,+N,sb2,spb2,Nitrogen,1,1,6,13.21666667,10.13333333,20.93333333
1167,Ames 27158,NC324,2019,Havelock,B1,+N,sb2,spb2,Nitrogen,1,1,NA,11.26666667,12.15,23.2
1169,Ames 27175,NC358,2019,Havelock,B1,+N,sb2,spb2,Nitrogen,1,1,4.4,13.93333333,12.8,20.33333333
1171,Ames 27184,Pa762,2019,Havelock,B1,+N,sb2,spb3,Nitrogen,1,1,5.5,14.45,16.16666667,25.23333333
1173,Ames 19323,Oh7B,2019,Havelock,B1,+N,sb2,spb3,Nitrogen,1,1,NA,11.58,12.5,19.4
1175,PI 587151,Va102,2019,Havelock,B1,+N,sb2,spb3,Nitrogen,1,1,5.2,16.83333333,22.26666667,22.93333333
1177,Ames 8399,W117HT,2019,Havelock,B1,+N,sb2,spb3,Nitrogen,1,1,NA,9.166666667,6.22,21.48
1179,PI 573098,Oh603,2019,Havelock,B1,+N,sb2,spb3,Nitrogen,1,1,NA,NA,NA,NA
1181,Ames 27183,Oh43E,2019,Havelock,B1,+N,sb2,spb3,Nitrogen,1,1,NA,11.25,9.071428571,22.1
1183,Ames 27185,Pa875,2019,Havelock,B1,+N,sb2,spb3,Nitrogen,1,1,NA,11.06666667,7.6,22.1
1201,PI 607521,A661,2019,Havelock,B1,+N,sb1,spb1,Nitrogen,1,1,5,10.47142857,16.5,21.425
1203,Ames 19308,A634,2019,Havelock,B1,+N,sb1,spb1,Nitrogen,1,1,5.7,14.95,17.43333333,22.96666667
1205,PI 587124,CM105,2019,Havelock,B1,+N,sb1,spb1,Nitrogen,1,1,4.8,16.43333333,20.36666667,25.76666667
1207,NSL 81599,A659,2019,Havelock,B1,+N,sb1,spb1,Nitrogen,1,1,6.2,13.51666667,24.83333333,30.16666667
1209,Ames 27068,CH9,2019,Havelock,B1,+N,sb1,spb1,Nitrogen,1,1,5.5,11.45,16.73333333,25.7
1211,PI 550440,B64,2019,Havelock,B1,+N,sb1,spb1,Nitrogen,1,1,4.7,14.88333333,14,20.36666667
1213,Ames 23450,A556,2019,Havelock,B1,+N,sb1,spb1,Nitrogen,1,1,NA,12.66666667,20.48333333,24.13333333
1215,NSL 30867,M14,2019,Havelock,B1,+N,sb1,spb2,Nitrogen,1,1,4.2,15.58333333,11.73333333,19.6
1217,Ames 28364,IA2132,2019,Havelock,B1,+N,sb1,spb2,Nitrogen,1,1,4.3,12.81666667,10.96666667,24.26666667
1219,PI 587127,H105W,2019,Havelock,B1,+N,sb1,spb2,Nitrogen,1,1,NA,12.66666667,19.8,28.76666667
1221,PI 587129,H99,2019,Havelock,B1,+N,sb1,spb2,Nitrogen,1,1,5.4,14.5,14.96666667,19.86666667
1223,Ames 24752,MS1334,2019,Havelock,B1,+N,sb1,spb2,Nitrogen,1,1,NA,14.06666667,17.56666667,21.76666667
1225,PI 583352,Mo47,2019,Havelock,B1,+N,sb1,spb2,Nitrogen,1,1,4.5,12.18333333,13.86666667,22.4
1227,Ames 27106,CO125,2019,Havelock,B1,+N,sb1,spb2,Nitrogen,1,1,NA,9.583333333,8.733333333,21.41666667
1229,Ames 27161,NC330,2019,Havelock,B1,+N,sb1,spb3,Nitrogen,1,1,NA,12.8,22.73333333,25.26666667
1231,Ames 27163,NC334,2019,Havelock,B1,+N,sb1,spb3,Nitrogen,1,1,4.4,11.6,8.7,17.16666667
1233,Ames 28186,P39,2019,Havelock,B1,+N,sb1,spb3,Nitrogen,1,1,NA,13.225,3.65,17.45
1235,Ames 27152,NC312,2019,Havelock,B1,+N,sb1,spb3,Nitrogen,1,1,6,13.83333333,12.8,20.3
1237,Ames 27150,NC308,2019,Havelock,B1,+N,sb1,spb3,Nitrogen,1,1,5.4,12.35,15.33333333,21.53333333
1239,PI 587145,NC268,2019,Havelock,B1,+N,sb1,spb3,Nitrogen,1,1,NA,12.38333333,11.05,20.28333333
1241,PI 550490,ND246,2019,Havelock,B1,+N,sb1,spb3,Nitrogen,1,1,NA,13.21666667,10,19.73333333
1243,Ames 27097,CML323,2019,Havelock,B1,+N,sb2,spb1,Nitrogen,1,1,4.8,12.55,10.46666667,22.1
1245,Ames 26138,CI187-2,2019,Havelock,B1,+N,sb2,spb1,Nitrogen,1,1,NA,16.55,NA,NA
1247,Ames 22440,CI90C,2019,Havelock,B1,+N,sb2,spb1,Nitrogen,1,1,NA,10.96666667,16.3,23.4
1249,PI 594048,B105,2019,Havelock,B1,+N,sb2,spb1,Nitrogen,1,1,4.9,NA,19.13333333,22.93333333
1251,Ames 22754,K55,2019,Havelock,B1,+N,sb2,spb1,Nitrogen,1,1,4.4,13.98333333,24.23333333,28.53333333
1253,PI 550472,B57,2019,Havelock,B1,+N,sb2,spb1,Nitrogen,1,1,NA,13.43333333,25.56666667,27.01666667
1255,PI 587128,H84,2019,Havelock,B1,+N,sb2,spb1,Nitrogen,1,1,6.2,12.35,10.43333333,21.9
1257,PI 543916,Mp339,2019,Havelock,B1,+N,sb2,spb2,Nitrogen,1,1,NA,13.2,8.45,20.15
1259,Ames 12732,NC232,2019,Havelock,B1,+N,sb2,spb2,Nitrogen,1,1,5.1,14.06666667,28.8,31.1
1261,Ames 27124,Ki11,2019,Havelock,B1,+N,sb2,spb2,Nitrogen,1,1,5.1,15.4,18.53333333,27.73333333
1263,PI 583351,Mo46,2019,Havelock,B1,+N,sb2,spb2,Nitrogen,1,1,5.3,12.55,16.53333333,26.76666667
1265,Ames 27174,NC356,2019,Havelock,B1,+N,sb2,spb2,Nitrogen,1,1,4.3,9.9,7.466666667,20.6
1267,Ames 27138,N28Ht,2019,Havelock,B1,+N,sb2,spb2,Nitrogen,1,1,4.1,12.6,13.36666667,23.26666667
1269,PI 550555,NC250,2019,Havelock,B1,+N,sb2,spb2,Nitrogen,1,1,NA,12.2,17.03333333,23.98333333
1271,PI 587150,Va35,2019,Havelock,B1,+N,sb2,spb3,Nitrogen,1,1,6,18,19.4,21.85
1273,Ames 27194,W401,2019,Havelock,B1,+N,sb2,spb3,Nitrogen,1,1,3.7,12.65,15.43333333,21
1275,PI 686066,SG18,2019,Havelock,B1,+N,sb2,spb3,Nitrogen,1,1,2.8,13.45,11.13333333,17.9
1277,Ames 27190,T234,2019,Havelock,B1,+N,sb2,spb3,Nitrogen,1,1,5.1,13.75714286,12.825,21.675
1279,Ames 19000,VaW6,2019,Havelock,B1,+N,sb2,spb3,Nitrogen,1,1,NA,14.5,11.88333333,21.4
1281,NSL 53094,SC357,2019,Havelock,B1,+N,sb2,spb3,Nitrogen,1,1,NA,12.28,19,21.66
1283,Ames 27182,NC372,2019,Havelock,B1,+N,sb2,spb3,Nitrogen,1,1,4.6,15.51666667,22.5,25.36666667
1301,Ames 26604,38-11,2019,Havelock,B1,+N,sb3,spb1,Nitrogen,1,1,4.3,13.8,15.06666667,22.66666667
1303,Ames 27085,CML158Q,2019,Havelock,B1,+N,sb3,spb1,Nitrogen,1,1,3.8,13.71666667,15.23333333,23.96666667
1305,Ames 27082,CML108,2019,Havelock,B1,+N,sb3,spb1,Nitrogen,1,1,4.3,13.38333333,19.06666667,27.93333333
1307,Check,Check,2019,Havelock,B1,+N,sb3,spb1,Nitrogen,1,1,5.3,17.33333333,15.66666667,20.06666667
1309,Check,Check,2019,Havelock,B1,+N,sb3,spb1,Nitrogen,1,1,4.6,16.03333333,13.83333333,21.23333333
1311,Check,Check,2019,Havelock,B1,+N,sb3,spb1,Nitrogen,1,1,4.2,15.15,9.2,19.3
1313,PI 595542,CML254,2019,Havelock,B1,+N,sb3,spb1,Nitrogen,1,1,NA,10.05,3.45,17.75
1315,Ames 27165,NC338,2019,Havelock,B1,+N,sb3,spb2,Nitrogen,1,1,5.8,16.58333333,19,22.5
1317,Ames 27169,NC346,2019,Havelock,B1,+N,sb3,spb2,Nitrogen,1,1,NA,11.31666667,7.95,21.85
1319,Ames 27170,NC348,2019,Havelock,B1,+N,sb3,spb2,Nitrogen,1,1,5.6,12.45,8.7,18.06666667
1321,Ames 27110,E2558W,2019,Havelock,B1,+N,sb3,spb2,Nitrogen,1,1,5.3,15.11666667,13.46666667,20.36666667
1323,Check,Check,2019,Havelock,B1,+N,sb3,spb2,Nitrogen,1,1,7.3,16.5,16.5,19.86666667
1325,Ames 27156,NC320,2019,Havelock,B1,+N,sb3,spb2,Nitrogen,1,1,4.1,11.78333333,10.96666667,21.76666667
1327,PI 550558,DE811,2019,Havelock,B1,+N,sb3,spb2,Nitrogen,1,1,NA,15.2,12.2,20.5
1329,Ames 27129,KUI2021,2019,Havelock,B1,+N,sb3,spb3,Nitrogen,1,1,3.3,14.01666667,17.06666667,27.23333333
1331,Check,Check,2019,Havelock,B1,+N,sb3,spb3,Nitrogen,1,1,6.4,17.9,18.03333333,22.43333333
1333,PI 506255,Tzi25,2019,Havelock,B1,+N,sb3,spb3,Nitrogen,1,1,4.1,12.58333333,14.16666667,23.27
1335,Check,Check,2019,Havelock,B1,+N,sb3,spb3,Nitrogen,1,1,5.4,15.98333333,15.63333333,20.4
1337,PI 506246,Tzi8,2019,Havelock,B1,+N,sb3,spb3,Nitrogen,1,1,6,17.55,18.2,21.56666667
1339,Ames 26808,Ill.Hy,2019,Havelock,B1,+N,sb3,spb3,Nitrogen,1,1,6.7,10.93333333,13.23333333,26.26666667
1341,PI 587147,Pa91,2019,Havelock,B1,+N,sb3,spb3,Nitrogen,1,1,5.1,13.78333333,15,23.53333333
1343,PI 587142,A679,2019,Havelock,B1,+N,sb4,spb1,Nitrogen,1,1,5,13.27571429,17.05,23.725
1345,PI 550469,B46,2019,Havelock,B1,+N,sb4,spb1,Nitrogen,1,1,NA,17.2,26.6,25.05
1347,Ames 27114,H91,2019,Havelock,B1,+N,sb4,spb1,Nitrogen,1,1,NA,16.48333333,21.1,23.11666667
1349,PI 550461,B14A,2019,Havelock,B1,+N,sb4,spb1,Nitrogen,1,1,NA,15.88333333,17.8,24.28
1351,Ames 23503,A680,2019,Havelock,B1,+N,sb4,spb1,Nitrogen,1,1,4.9,15.85,22.03333333,23.7
1353,PI 550473,B73,2019,Havelock,B1,+N,sb4,spb1,Nitrogen,1,1,4.1,14.2,21.7,26.7
1355,NSL 30904,4226,2019,Havelock,B1,+N,sb4,spb1,Nitrogen,1,1,3.9,13.98333333,14.63333333,21.56666667
1357,Check,Check,2019,Havelock,B1,+N,sb4,spb2,Nitrogen,1,1,4.8,18.75,15.33333333,19.73333333
1359,Ames 27143,NC294,2019,Havelock,B1,+N,sb4,spb2,Nitrogen,1,1,3.9,11.61666667,9.366666667,21.46666667
1361,Ames 27140,NC260,2019,Havelock,B1,+N,sb4,spb2,Nitrogen,1,1,NA,14.9,14.4,21.4
1363,Ames 27177,NC362,2019,Havelock,B1,+N,sb4,spb2,Nitrogen,1,1,5.1,14.35,16.6,23.7
1365,PI 517974,Pa880,2019,Havelock,B1,+N,sb4,spb2,Nitrogen,1,1,4.6,12.56666667,17.23333333,23.6
1367,NSL 30894,R177,2019,Havelock,B1,+N,sb4,spb2,Nitrogen,1,1,NA,13.6,19,22.91666667
1369,PI 558532,Mo17,2019,Havelock,B1,+N,sb4,spb2,Nitrogen,1,1,6.6,17.28333333,13.96666667,19.23333333
1371,CIze 44,CI44,2019,Havelock,B1,+N,sb4,spb3,Nitrogen,1,1,NA,10.08571429,11.84285714,20.71666667
1373,Check,Check,2019,Havelock,B1,+N,sb4,spb3,Nitrogen,1,1,7.2,20.01666667,21.76666667,20.3
1375,Ames 31536,A214NGoodman-Buckler,2019,Havelock,B1,+N,sb4,spb3,Nitrogen,1,1,5.5,15.38571429,11.6,18.6
1377,PI 587125,CO109,2019,Havelock,B1,+N,sb4,spb3,Nitrogen,1,1,NA,10.84,8.028571429,19.28333333
1379,Ames 31535,38-11Goodman-Buckler,2019,Havelock,B1,+N,sb4,spb3,Nitrogen,1,1,4.4,16.9,15.475,21.65
1381,Ames 28290,C49,2019,Havelock,B1,+N,sb4,spb3,Nitrogen,1,1,NA,7.58,9.66,24.42
1383,PI 550518,T8,2019,Havelock,B1,+N,sb4,spb3,Nitrogen,1,1,NA,14.38333333,14.63333333,20.38333333
1401,Ames 27094,CML314,2019,Havelock,B1,+N,sb3,spb1,Nitrogen,1,1,NA,10.67142857,12.81428571,23.43333333
1403,Check,Check,2019,Havelock,B1,+N,sb3,spb1,Nitrogen,1,1,5.4,17.55,13.2,19.2
1405,Ames 27086,CML218,2019,Havelock,B1,+N,sb3,spb1,Nitrogen,1,1,4,12.5,14.23333333,21.23333333
1407,Ames 27081,CML103,2019,Havelock,B1,+N,sb3,spb1,Nitrogen,1,1,3.5,13.95,10.36666667,20.66666667
1409,Check,Check,2019,Havelock,B1,+N,sb3,spb1,Nitrogen,1,1,5.3,17.33333333,13.96666667,19.46666667
1411,Ames 27091,CML261,2019,Havelock,B1,+N,sb3,spb1,Nitrogen,1,1,NA,9.25,5.85,18.575
1413,PI 587130,4722,2019,Havelock,B1,+N,sb3,spb1,Nitrogen,1,1,2.8,12.86666667,14.76666667,20.16666667
1415,Ames 27134,M162W,2019,Havelock,B1,+N,sb3,spb2,Nitrogen,1,1,6.1,11.98333333,9.7,23.9
1417,Ames 27133,M37W,2019,Havelock,B1,+N,sb3,spb2,Nitrogen,1,1,5.2,11.55,14.63333333,22.9
1419,Ames 27155,NC318,2019,Havelock,B1,+N,sb3,spb2,Nitrogen,1,1,3.9,12.16666667,7.666666667,15.93333333
1421,Ames 10248,GA209,2019,Havelock,B1,+N,sb3,spb2,Nitrogen,1,1,NA,8.866666667,6.6,20.9
1423,Ames 28184,CML69,2019,Havelock,B1,+N,sb3,spb2,Nitrogen,1,1,NA,12.12,11.1,22.92
1425,PI 531084,NC258,2019,Havelock,B1,+N,sb3,spb2,Nitrogen,1,1,4.7,11.9,14.73333333,22.53333333
1427,NSL 22893,F44,2019,Havelock,B1,+N,sb3,spb2,Nitrogen,1,1,3.6,11.45,7.8,16.86666667
1429,Ames 27189,SC55,2019,Havelock,B1,+N,sb3,spb3,Nitrogen,1,1,4.5,11.33333333,11.1,22.76666667
1431,PI 257506,F2,2019,Havelock,B1,+N,sb3,spb3,Nitrogen,1,1,NA,12.44,6.25,19.975
1433,Ames 27119,Il101T,2019,Havelock,B1,+N,sb3,spb3,Nitrogen,1,1,NA,12.35,7.833333333,19.96666667
1435,PI 606330,DE2,2019,Havelock,B1,+N,sb3,spb3,Nitrogen,1,1,5.2,14.25,22.63333333,27.5
1437,Ames 22763,Tx601,2019,Havelock,B1,+N,sb3,spb3,Nitrogen,1,1,NA,10.9,15.82,26.46
1439,Check,Check,2019,Havelock,B1,+N,sb3,spb3,Nitrogen,1,1,5.4,NA,15.16666667,20.73333333
1441,PI 550522,T232,2019,Havelock,B1,+N,sb3,spb3,Nitrogen,1,1,NA,11.3,13.5,22.23333333
1443,PI 564682,B97,2019,Havelock,B1,+N,sb4,spb1,Nitrogen,1,1,6.2,12.11428571,13.65,23.25
1445,Ames 26769,B2,2019,Havelock,B1,+N,sb4,spb1,Nitrogen,1,1,NA,11.75,20.25,25.15
1447,PI 608765,B77,2019,Havelock,B1,+N,sb4,spb1,Nitrogen,1,1,5,15.33333333,10.2,20.63333333
1449,Ames 26116,CI3A,2019,Havelock,B1,+N,sb4,spb1,Nitrogen,1,1,3.8,7.385714286,9.4,22.76666667
1451,PI 550467,B37,2019,Havelock,B1,+N,sb4,spb1,Nitrogen,1,1,5.2,15.34285714,26.075,26
1453,Ames 19314,CI64,2019,Havelock,B1,+N,sb4,spb1,Nitrogen,1,1,5.8,13.2,17.93333333,26
1455,PI 597927,B109,2019,Havelock,B1,+N,sb4,spb1,Nitrogen,1,1,4.7,13.93333333,18.13333333,24.66666667
1457,Ames 27167,NC342,2019,Havelock,B1,+N,sb4,spb2,Nitrogen,1,1,5.2,12.2,14.4,23.93333333
1459,NSL 65873,L317,2019,Havelock,B1,+N,sb4,spb2,Nitrogen,1,1,4.7,16.95,21.3,21.03333333
1461,Ames 28939,Mo44,2019,Havelock,B1,+N,sb4,spb2,Nitrogen,1,1,NA,13.11666667,18.11666667,24.03333333
1463,PI 583350,Mo45,2019,Havelock,B1,+N,sb4,spb2,Nitrogen,1,1,3.9,18.11666667,19.26666667,22.76666667
1465,Ames 27180,NC368,2019,Havelock,B1,+N,sb4,spb2,Nitrogen,1,1,6.8,10.33333333,13.63333333,23.43333333
1467,NSL 28966,Oh40B,2019,Havelock,B1,+N,sb4,spb2,Nitrogen,1,1,5.5,18.86666667,19.43333333,21.63333333
1469,Ames 27151,NC310,2019,Havelock,B1,+N,sb4,spb2,Nitrogen,1,1,3.1,12.68333333,16.83333333,25.06666667
1471,Ames 19293,Wf9,2019,Havelock,B1,+N,sb4,spb3,Nitrogen,1,1,NA,18.25714286,35.4,26.61666667
1473,PI 587132,Sg1533,2019,Havelock,B1,+N,sb4,spb3,Nitrogen,1,1,2.6,11.81666667,7.533333333,17.86666667
1475,Ames 26771,33-16,2019,Havelock,B1,+N,sb4,spb3,Nitrogen,1,1,5.8,14.76666667,16.83333333,23.43333333
1477,PI 592734,R229,2019,Havelock,B1,+N,sb4,spb3,Nitrogen,1,1,4.3,12.91666667,18.8,25.13333333
1479,Ames 27196,Yu796_NS,2019,Havelock,B1,+N,sb4,spb3,Nitrogen,1,1,5.6,10.36666667,13.43333333,20.56666667
1481,Ames 27193,Va85,2019,Havelock,B1,+N,sb4,spb3,Nitrogen,1,1,NA,16.48,23.74,23.88
1483,Check,Check,2019,Havelock,B1,+N,sb4,spb3,Nitrogen,1,1,5.1,16.93333333,12.63333333,18.06666667
1501,PI 595550,CML277,2019,Havelock,B1,+N,sb3,spb1,Nitrogen,1,1,5.8,17.6,16.76666667,22.5
1503,PI 406112,A214N,2019,Havelock,B1,+N,sb3,spb1,Nitrogen,1,1,6,16.86666667,11.5,19.03333333
1505,PI 550465,B68,2019,Havelock,B1,+N,sb3,spb1,Nitrogen,1,1,NA,17.98333333,21.91666667,23.68333333
1507,Ames 27096,CML322,2019,Havelock,B1,+N,sb3,spb1,Nitrogen,1,1,3.9,12.8,14.35,24.675
1509,Ames 27101,CML333,2019,Havelock,B1,+N,sb3,spb1,Nitrogen,1,1,NA,11.18333333,18.4,24.42
1511,Ames 27072,CML10,2019,Havelock,B1,+N,sb3,spb1,Nitrogen,1,1,4.6,15.71666667,12.5,20.73333333
1513,PI 595561,CML52,2019,Havelock,B1,+N,sb3,spb1,Nitrogen,1,1,NA,12.47142857,11.66666667,21.75
1515,PI 587144,Mo24W,2019,Havelock,B1,+N,sb3,spb2,Nitrogen,1,1,NA,15.28,33,31.24
1517,Check,Check,2019,Havelock,B1,+N,sb3,spb2,Nitrogen,1,1,6.3,18.2,18.83333333,20.8
1519,Ames 12729,NC222,2019,Havelock,B1,+N,sb3,spb2,Nitrogen,1,1,NA,9.85,10.78333333,23
1521,Ames 27144,NC296,2019,Havelock,B1,+N,sb3,spb2,Nitrogen,1,1,4.4,11.53333333,6.9,19.8
1523,NSL 30038,K4,2019,Havelock,B1,+N,sb3,spb2,Nitrogen,1,1,5,15.78333333,12.7,20.3
1525,Check,Check,2019,Havelock,B1,+N,sb3,spb2,Nitrogen,1,1,6.4,19.85,20.96666667,20.66666667
1527,Ames 27121,K64,2019,Havelock,B1,+N,sb3,spb2,Nitrogen,1,1,5.6,13.6,18.7,24.86666667
1529,PI 506248,Tzi10,2019,Havelock,B1,+N,sb3,spb3,Nitrogen,1,1,NA,NA,NA,NA
1531,Ames 27179,NC366,2019,Havelock,B1,+N,sb3,spb3,Nitrogen,1,1,5.2,12.91666667,12.2,19.83333333
1533,PI 540745,Tzi11,2019,Havelock,B1,+N,sb3,spb3,Nitrogen,1,1,NA,11.225,9.175,19.775
1535,Ames 27131,Ky226,2019,Havelock,B1,+N,sb3,spb3,Nitrogen,1,1,4.2,11.18571429,16.8,23.325
1537,PI 558520,Mo1W,2019,Havelock,B1,+N,sb3,spb3,Nitrogen,1,1,4.7,12.93333333,14.63333333,24
1539,Ames 22748,H100,2019,Havelock,B1,+N,sb3,spb3,Nitrogen,1,1,NA,14.43333333,16.98333333,25.46666667
1541,PI 506253,Tzi18,2019,Havelock,B1,+N,sb3,spb3,Nitrogen,1,1,5.1,14.03333333,19.66666667,25.16666667
1543,Ames 27065,B73Htrhm,2019,Havelock,B1,+N,sb4,spb1,Nitrogen,1,1,NA,12.93333333,17.06666667,26.76666667
1545,Ames 27069,CH701-30,2019,Havelock,B1,+N,sb4,spb1,Nitrogen,1,1,NA,13.14,10.88,18.8
1547,PI 686059,IDS28,2019,Havelock,B1,+N,sb4,spb1,Nitrogen,1,1,NA,11.13333333,7.316666667,21.7
1549,Check,Check,2019,Havelock,B1,+N,sb4,spb1,Nitrogen,1,1,5.8,19.41666667,17.23333333,20.86666667
1551,PI 608767,B84,2019,Havelock,B1,+N,sb4,spb1,Nitrogen,1,1,NA,14.26,11.72,24.26
1553,PI 587140,A632,2019,Havelock,B1,+N,sb4,spb1,Nitrogen,1,1,3.8,15.15,12.86666667,23.8
1555,Ames 27066,B164,2019,Havelock,B1,+N,sb4,spb1,Nitrogen,1,1,4.7,15.95,13.83333333,20.23333333
1557,Ames 27149,NC306,2019,Havelock,B1,+N,sb4,spb2,Nitrogen,1,1,5.5,13.63333333,16.2,23.16666667
1559,NSL 65874,Os420,2019,Havelock,B1,+N,sb4,spb2,Nitrogen,1,1,NA,13.08,20.12,27.48
1561,Ames 27178,NC364,2019,Havelock,B1,+N,sb4,spb2,Nitrogen,1,1,4.2,11.21428571,14,25.175
1563,Ames 27160,NC328,2019,Havelock,B1,+N,sb4,spb2,Nitrogen,1,1,3.8,12.56666667,13.6,25.8
1565,Ames 27159,NC326,2019,Havelock,B1,+N,sb4,spb2,Nitrogen,1,1,NA,15.83333333,25.83333333,28.38333333
1567,Ames 27118,Il14H,2019,Havelock,B1,+N,sb4,spb2,Nitrogen,1,1,NA,10.08571429,7.457142857,22.05
1569,Ames 27168,NC344,2019,Havelock,B1,+N,sb4,spb2,Nitrogen,1,1,4.2,13.3,15.43333333,23.4
1571,PI 587149,Va26,2019,Havelock,B1,+N,sb4,spb3,Nitrogen,1,1,4.4,16.23333333,18.03333333,25.8
1573,Ames 19328,Va22,2019,Havelock,B1,+N,sb4,spb3,Nitrogen,1,1,3.9,16.78333333,18.43333333,22.93333333
1575,Ames 31534,CI90CGoodman-Buckler,2019,Havelock,B1,+N,sb4,spb3,Nitrogen,1,1,3.2,13.1,15.06666667,21.7
1577,PI 606768,SD40,2019,Havelock,B1,+N,sb4,spb3,Nitrogen,1,1,4.9,13.37142857,9.425,23.25
1579,Ames 28367,CI7Goodman-Buckler,2019,Havelock,B1,+N,sb4,spb3,Nitrogen,1,1,5.2,13.23333333,19.2,24.46666667
1581,Ames 27187,R4,2019,Havelock,B1,+N,sb4,spb3,Nitrogen,1,1,2.8,13.66666667,13.86666667,22.73333333
1583,Ames 24989,Va99,2019,Havelock,B1,+N,sb4,spb3,Nitrogen,1,1,4.3,13.68571429,11.7,22.7
2001,PI 587131,HP301,2019,Havelock,B1,-N,sb1,spb1,No Nitrogen,1,2,1.7,11.88571429,8.975,17.325
2003,PI 550472,B57,2019,Havelock,B1,-N,sb1,spb1,No Nitrogen,1,2,5.7,NA,13.9,24.46666667
2005,Ames 19284,C103,2019,Havelock,B1,-N,sb1,spb1,No Nitrogen,1,2,NA,18.81666667,26.41666667,24.88333333
2007,PI 594047,B104,2019,Havelock,B1,-N,sb1,spb1,No Nitrogen,1,2,NA,14.11666667,25.08333333,29.36666667
2009,Ames 19319,H95,2019,Havelock,B1,-N,sb1,spb1,No Nitrogen,1,2,NA,13.8,14.45,24.96666667
2011,Check,Check,2019,Havelock,B1,-N,sb1,spb1,No Nitrogen,1,2,5.8,18.73333333,18.86666667,21.96666667
2013,Ames 22754,K55,2019,Havelock,B1,-N,sb1,spb1,No Nitrogen,1,2,4.4,12.96666667,20.3,28.3
2015,PI 550555,NC250,2019,Havelock,B1,-N,sb1,spb2,No Nitrogen,1,2,NA,11.13333333,NA,NA
2017,Ames 12732,NC232,2019,Havelock,B1,-N,sb1,spb2,No Nitrogen,1,2,5.1,14.06666667,26.03333333,31.66666667
2019,Ames 27138,N28Ht,2019,Havelock,B1,-N,sb1,spb2,No Nitrogen,1,2,NA,14.2,19.8,27.23333333
2021,Ames 12731,NC230,2019,Havelock,B1,-N,sb1,spb2,No Nitrogen,1,2,NA,9.983333333,10.4,22.8
2023,Ames 27147,NC302,2019,Havelock,B1,-N,sb1,spb2,No Nitrogen,1,2,6.2,13.08333333,9.866666667,22.53333333
2025,Ames 27261,NC298,2019,Havelock,B1,-N,sb1,spb2,No Nitrogen,1,2,5.6,18.43333333,16.3,21.4
2027,Ames 27172,NC352,2019,Havelock,B1,-N,sb1,spb2,No Nitrogen,1,2,6.7,15.45,12.36666667,22.16666667
2029,PI 686066,SG18,2019,Havelock,B1,-N,sb1,spb3,No Nitrogen,1,2,2.7,12.3,9.225,18.4
2031,PI 573098,Oh603,2019,Havelock,B1,-N,sb1,spb3,No Nitrogen,1,2,NA,13.06666667,12.15,22.01666667
2033,Ames 27182,NC372,2019,Havelock,B1,-N,sb1,spb3,No Nitrogen,1,2,NA,13.21666667,17.66666667,27.13333333
2035,Ames 27194,W401,2019,Havelock,B1,-N,sb1,spb3,No Nitrogen,1,2,NA,11.875,11.6,20.2
2037,Check,Check,2019,Havelock,B1,-N,sb1,spb3,No Nitrogen,1,2,NA,13.21666667,10.83333333,22.65
2039,PI 686065,SA24,2019,Havelock,B1,-N,sb1,spb3,No Nitrogen,1,2,2.3,14.43333333,9.2,15.96666667
2041,Ames 27185,Pa875,2019,Havelock,B1,-N,sb1,spb3,No Nitrogen,1,2,2.8,NA,5.966666667,17.5
2043,PI 587138,A554,2019,Havelock,B1,-N,sb2,spb1,No Nitrogen,1,2,3.9,8.333333333,8.833333333,21.86666667
2045,NSL 81599,A659,2019,Havelock,B1,-N,sb2,spb1,No Nitrogen,1,2,5.7,12.06666667,16.46666667,24.53333333
2047,Ames 23405,A239,2019,Havelock,B1,-N,sb2,spb1,No Nitrogen,1,2,4.8,11.8,11.1,21.975
2049,Ames 23450,A556,2019,Havelock,B1,-N,sb2,spb1,No Nitrogen,1,2,6.6,NA,18.56666667,22.46666667
2051,Ames 27067,C49A,2019,Havelock,B1,-N,sb2,spb1,No Nitrogen,1,2,NA,8.725,10.4,25.9
2053,Ames 19311,A641,2019,Havelock,B1,-N,sb2,spb1,No Nitrogen,1,2,NA,15.26,15.58,22.88
2055,Ames 19316,CM174,2019,Havelock,B1,-N,sb2,spb1,No Nitrogen,1,2,NA,11.9,15.86666667,25.56666667
2057,PI 257507,F7,2019,Havelock,B1,-N,sb2,spb2,No Nitrogen,1,2,3.1,12.55,9.975,19.85
2059,PI 686057,I29,2019,Havelock,B1,-N,sb2,spb2,No Nitrogen,1,2,4.3,11.88333333,14.36666667,24.33333333
2061,Ames 27106,CO125,2019,Havelock,B1,-N,sb2,spb2,No Nitrogen,1,2,NA,11.23333333,14.65,20.73333333
2063,Ames 27070,CM7,2019,Havelock,B1,-N,sb2,spb2,No Nitrogen,1,2,4.8,10.61428571,6.475,19.125
2065,Ames 24734,MS153,2019,Havelock,B1,-N,sb2,spb2,No Nitrogen,1,2,NA,11.23333333,11.06666667,26.11666667
2067,Ames 27104,CMV3,2019,Havelock,B1,-N,sb2,spb2,No Nitrogen,1,2,3.8,9.642857143,7.45,22.7
2069,Ames 27105,CO106,2019,Havelock,B1,-N,sb2,spb2,No Nitrogen,1,2,3.6,10.26666667,12.6,20.23333333
2071,Ames 27162,NC332,2019,Havelock,B1,-N,sb2,spb3,No Nitrogen,1,2,3.9,13.15,16.8,26.46666667
2073,PI 550490,ND246,2019,Havelock,B1,-N,sb2,spb3,No Nitrogen,1,2,3.6,12.57777778,11.22,19.52
2075,Ames 19288,Oh43,2019,Havelock,B1,-N,sb2,spb3,No Nitrogen,1,2,4,17.63333333,10.55,24.25
2077,Ames 27154,NC316,2019,Havelock,B1,-N,sb2,spb3,No Nitrogen,1,2,NA,7.7,1.7,17.8
2079,PI 524969,SD44,2019,Havelock,B1,-N,sb2,spb3,No Nitrogen,1,2,NA,10.66,10.82,21.6
2081,Ames 19016,Va59,2019,Havelock,B1,-N,sb2,spb3,No Nitrogen,1,2,NA,8.1,8.9,22.3
2083,Ames 28186,P39,2019,Havelock,B1,-N,sb2,spb3,No Nitrogen,1,2,NA,13.375,7.15,21.875
2101,Ames 19309,A635,2019,Havelock,B1,-N,sb1,spb1,No Nitrogen,1,2,4.6,14.85,12.9,19.73333333
2103,Ames 21512,CI31A,2019,Havelock,B1,-N,sb1,spb1,No Nitrogen,1,2,4.2,9.933333333,9.166666667,21.36666667
2105,Check,Check,2019,Havelock,B1,-N,sb1,spb1,No Nitrogen,1,2,NA,16.88333333,NA,NA
2107,PI 594048,B105,2019,Havelock,B1,-N,sb1,spb1,No Nitrogen,1,2,NA,15.38571429,NA,NA
2109,Ames 26138,CI187-2,2019,Havelock,B1,-N,sb1,spb1,No Nitrogen,1,2,NA,14.05,NA,NA
2111,Ames 27087,CML220,2019,Havelock,B1,-N,sb1,spb1,No Nitrogen,1,2,NA,10.58333333,NA,NA
2113,Ames 27097,CML323,2019,Havelock,B1,-N,sb1,spb1,No Nitrogen,1,2,5,13.05,11.7,24.46666667
2115,Ames 27141,NC290A,2019,Havelock,B1,-N,sb1,spb2,No Nitrogen,1,2,NA,8.86,NA,NA
2117,Ames 27137,N6,2019,Havelock,B1,-N,sb1,spb2,No Nitrogen,1,2,NA,10.45,9.283333333,22.71666667
2119,Check,Check,2019,Havelock,B1,-N,sb1,spb2,No Nitrogen,1,2,4.9,13.75,11.8,21.43333333
2121,Ames 27174,NC356,2019,Havelock,B1,-N,sb1,spb2,No Nitrogen,1,2,NA,9.86,NA,NA
2123,PI 520774,NC264,2019,Havelock,B1,-N,sb1,spb2,No Nitrogen,1,2,NA,11.18,9.04,21.64
2125,Ames 27158,NC324,2019,Havelock,B1,-N,sb1,spb2,No Nitrogen,1,2,4.9,11.51428571,13.03333333,22.43333333
2127,Ames 28366,N7A,2019,Havelock,B1,-N,sb1,spb2,No Nitrogen,1,2,NA,8.866666667,10.41666667,21.88333333
2129,Ames 27190,T234,2019,Havelock,B1,-N,sb1,spb3,No Nitrogen,1,2,NA,12.88333333,NA,NA
2131,Ames 27181,NC370,2019,Havelock,B1,-N,sb1,spb3,No Nitrogen,1,2,NA,10.48,7.883333333,19.98333333
2133,Ames 19000,VaW6,2019,Havelock,B1,-N,sb1,spb3,No Nitrogen,1,2,NA,14.86666667,15.8,25.2
2135,PI 587151,Va102,2019,Havelock,B1,-N,sb1,spb3,No Nitrogen,1,2,5.3,14.11666667,15.93333333,21.96666667
2137,NSL 53094,SC357,2019,Havelock,B1,-N,sb1,spb3,No Nitrogen,1,2,NA,10.64,15.06,20.16
2139,Ames 27176,NC360,2019,Havelock,B1,-N,sb1,spb3,No Nitrogen,1,2,4.7,13.81666667,12.33333333,20.13333333
2141,PI 587152,W64A,2019,Havelock,B1,-N,sb1,spb3,No Nitrogen,1,2,3.8,10.76666667,13.6,23
2143,Ames 22443,A188,2019,Havelock,B1,-N,sb2,spb1,No Nitrogen,1,2,6.4,11.11666667,9.033333333,18.5
2145,Ames 19313,C123,2019,Havelock,B1,-N,sb2,spb1,No Nitrogen,1,2,NA,NA,NA,NA
2147,PI 608774,B75,2019,Havelock,B1,-N,sb2,spb1,No Nitrogen,1,2,6.3,13.05,17.43333333,22.33333333
2149,PI 607521,A661,2019,Havelock,B1,-N,sb2,spb1,No Nitrogen,1,2,NA,11.42,17.34,21.84
2151,PI 587139,A619,2019,Havelock,B1,-N,sb2,spb1,No Nitrogen,1,2,NA,13.775,18.4,25.86666667
2153,PI 594046,B103,2019,Havelock,B1,-N,sb2,spb1,No Nitrogen,1,2,6.3,13.57142857,12.63333333,18.83333333
2155,Ames 27068,CH9,2019,Havelock,B1,-N,sb2,spb1,No Nitrogen,1,2,NA,11.575,NA,NA
2157,Check,Check,2019,Havelock,B1,-N,sb2,spb2,No Nitrogen,1,2,NA,14.91666667,13.7,22.75
2159,Ames 20140,Mt42,2019,Havelock,B1,-N,sb2,spb2,No Nitrogen,1,2,NA,10.1,7.785714286,20.25
2161,PI 587129,H99,2019,Havelock,B1,-N,sb2,spb2,No Nitrogen,1,2,NA,11.73333333,9.716666667,20.01666667
2163,Ames 27135,MEF156-55-2,2019,Havelock,B1,-N,sb2,spb2,No Nitrogen,1,2,NA,NA,NA,NA
2165,Ames 20190,CM37,2019,Havelock,B1,-N,sb2,spb2,No Nitrogen,1,2,NA,10.21666667,8.483333333,22
2167,PI 583352,Mo47,2019,Havelock,B1,-N,sb2,spb2,No Nitrogen,1,2,4.2,11.16666667,11.03333333,20.8
2169,PI 587135,Ia5125,2019,Havelock,B1,-N,sb2,spb2,No Nitrogen,1,2,NA,6.68,4.16,22.54
2171,PI 531085,NC262,2019,Havelock,B1,-N,sb2,spb3,No Nitrogen,1,2,NA,11.98333333,14.08333333,27.36666667
2173,Check,Check,2019,Havelock,B1,-N,sb2,spb3,No Nitrogen,1,2,5.8,17.18333333,14.83333333,20.3
2175,Ames 27161,NC330,2019,Havelock,B1,-N,sb2,spb3,No Nitrogen,1,2,NA,13.2,23.93333333,26.9
2177,PI 587137,Ms71,2019,Havelock,B1,-N,sb2,spb3,No Nitrogen,1,2,NA,14.66666667,18.75,24.05
2179,Ames 27163,NC334,2019,Havelock,B1,-N,sb2,spb3,No Nitrogen,1,2,3.9,11.56666667,8.066666667,16.63333333
2181,PI 587145,NC268,2019,Havelock,B1,-N,sb2,spb3,No Nitrogen,1,2,NA,13.46,12.04,19.84
2183,PI 550566,N192,2019,Havelock,B1,-N,sb2,spb3,No Nitrogen,1,2,NA,17.65,21.85,24.85
2201,Ames 22440,CI90C,2019,Havelock,B1,-N,sb1,spb1,No Nitrogen,1,2,NA,11.55,10.2,20.7
2203,PI 587128,H84,2019,Havelock,B1,-N,sb1,spb1,No Nitrogen,1,2,4,11.88333333,12.9,22.1
2205,PI 608766,B79,2019,Havelock,B1,-N,sb1,spb1,No Nitrogen,1,2,NA,10.0125,14.64285714,27.28333333
2207,Ames 27112,F2834T,2019,Havelock,B1,-N,sb1,spb1,No Nitrogen,1,2,6.5,13,9.933333333,18.83333333
2209,Ames 27083,CML154Q,2019,Havelock,B1,-N,sb1,spb1,No Nitrogen,1,2,NA,16.81666667,39.9,31.2
2211,Ames 27120,Il677a,2019,Havelock,B1,-N,sb1,spb1,No Nitrogen,1,2,4.8,13.45,11.66666667,24.7
2213,PI 606329,DE1,2019,Havelock,B1,-N,sb1,spb1,No Nitrogen,1,2,3.6,9.614285714,10.45,26.45
2215,Ames 27124,Ki11,2019,Havelock,B1,-N,sb1,spb2,No Nitrogen,1,2,NA,15.78,31.8,30.63333333
2217,PI 543916,Mp339,2019,Havelock,B1,-N,sb1,spb2,No Nitrogen,1,2,NA,11.81666667,10.03333333,22.2
2219,PI 583351,Mo46,2019,Havelock,B1,-N,sb1,spb2,No Nitrogen,1,2,NA,12.88333333,23.96,28.22
2221,Ames 27260,Ki44,2019,Havelock,B1,-N,sb1,spb2,No Nitrogen,1,2,NA,12.66666667,3.866666667,19
2223,Check,Check,2019,Havelock,B1,-N,sb1,spb2,No Nitrogen,1,2,5.2,17,15.06666667,20.9
2225,Ames 27175,NC358,2019,Havelock,B1,-N,sb1,spb2,No Nitrogen,1,2,NA,12.01666667,10.35,20.76666667
2227,Ames 27164,NC336,2019,Havelock,B1,-N,sb1,spb2,No Nitrogen,1,2,6.2,15.13333333,11.76666667,22.63333333
2229,Ames 27183,Oh43E,2019,Havelock,B1,-N,sb1,spb3,No Nitrogen,1,2,4.8,10.43333333,8.166666667,21.3
2231,NSL 30053,W22,2019,Havelock,B1,-N,sb1,spb3,No Nitrogen,1,2,4.1,13.28571429,13.5,22.25
2233,Ames 8399,W117HT,2019,Havelock,B1,-N,sb1,spb3,No Nitrogen,1,2,NA,9.225,4.285714286,20.83333333
2235,Check,Check,2019,Havelock,B1,-N,sb1,spb3,No Nitrogen,1,2,4.7,14.78333333,10.33333333,20.1
2237,PI 587150,Va35,2019,Havelock,B1,-N,sb1,spb3,No Nitrogen,1,2,NA,11.65,12.66,21.62
2239,Ames 19323,Oh7B,2019,Havelock,B1,-N,sb1,spb3,No Nitrogen,1,2,NA,13.575,12.725,21.45
2241,Ames 27184,Pa762,2019,Havelock,B1,-N,sb1,spb3,No Nitrogen,1,2,NA,12.375,12.35,25.725
2243,PI 550440,B64,2019,Havelock,B1,-N,sb2,spb1,No Nitrogen,1,2,NA,13.17142857,16.08571429,22.73333333
2245,Ames 19308,A634,2019,Havelock,B1,-N,sb2,spb1,No Nitrogen,1,2,6.5,14.71666667,18,23.16666667
2247,PI 587141,A654,2019,Havelock,B1,-N,sb2,spb1,No Nitrogen,1,2,5.6,15.65,26,25.6
2249,Check,Check,2019,Havelock,B1,-N,sb2,spb1,No Nitrogen,1,2,5.9,15.85,14.23333333,20.43333333
2251,PI 550483,B76,2019,Havelock,B1,-N,sb2,spb1,No Nitrogen,1,2,NA,9.516666667,8.516666667,24.35
2253,PI 587143,A682,2019,Havelock,B1,-N,sb2,spb1,No Nitrogen,1,2,6.4,16.46666667,15.43333333,19.6
2255,PI 587124,CM105,2019,Havelock,B1,-N,sb2,spb1,No Nitrogen,1,2,4.7,14.68333333,18.13333333,24.4
2257,Ames 24752,MS1334,2019,Havelock,B1,-N,sb2,spb2,No Nitrogen,1,2,4,12.9,14.7,20.725
2259,Ames 28364,IA2132,2019,Havelock,B1,-N,sb2,spb2,No Nitrogen,1,2,4.3,11.23333333,7.3,19.13333333
2261,NSL 30867,M14,2019,Havelock,B1,-N,sb2,spb2,No Nitrogen,1,2,5.4,16.55,18.53333333,23.16666667
2263,Ames 27111,EP1,2019,Havelock,B1,-N,sb2,spb2,No Nitrogen,1,2,3.9,9.166666667,5.433333333,17.66666667
2265,PI 686063,IDS91,2019,Havelock,B1,-N,sb2,spb2,No Nitrogen,1,2,2,13.9,9.733333333,17.46666667
2267,Ames 27107,CO255,2019,Havelock,B1,-N,sb2,spb2,No Nitrogen,1,2,NA,12.98333333,9.05,22.1
2269,PI 587127,H105W,2019,Havelock,B1,-N,sb2,spb2,No Nitrogen,1,2,NA,14.05,19.825,29.625
2271,Ames 27150,NC308,2019,Havelock,B1,-N,sb2,spb3,No Nitrogen,1,2,5.4,12.61666667,14.13333333,19.63333333
2273,Ames 27142,NC292,2019,Havelock,B1,-N,sb2,spb3,No Nitrogen,1,2,NA,11.12,16.92,29.48
2275,Ames 27152,NC312,2019,Havelock,B1,-N,sb2,spb3,No Nitrogen,1,2,6.2,14.06666667,13.16666667,20.83333333
2277,PI 587154,W153R,2019,Havelock,B1,-N,sb2,spb3,No Nitrogen,1,2,NA,13.46,11.05,22.55
2279,Ames 19326,R168,2019,Havelock,B1,-N,sb2,spb3,No Nitrogen,1,2,NA,10.33333333,6.533333333,19.4
2281,Check,Check,2019,Havelock,B1,-N,sb2,spb3,No Nitrogen,1,2,6.3,15.28333333,13.83333333,20.03333333
2283,Ames 19330,W182B,2019,Havelock,B1,-N,sb2,spb3,No Nitrogen,1,2,NA,14.9,12.675,21.65
2301,PI 550469,B46,2019,Havelock,B1,-N,sb3,spb1,No Nitrogen,1,2,3.3,14.8,16.3,22.66666667
2303,PI 686059,IDS28,2019,Havelock,B1,-N,sb3,spb1,No Nitrogen,1,2,2.6,12,6.775,17.2
2305,PI 550467,B37,2019,Havelock,B1,-N,sb3,spb1,No Nitrogen,1,2,NA,14.48333333,23.16666667,26.3
2307,Check,Check,2019,Havelock,B1,-N,sb3,spb1,No Nitrogen,1,2,NA,14.21666667,10.14,21.6
2309,Ames 27066,B164,2019,Havelock,B1,-N,sb3,spb1,No Nitrogen,1,2,NA,10.58333333,7.833333333,19.55
2311,Check,Check,2019,Havelock,B1,-N,sb3,spb1,No Nitrogen,1,2,NA,14.16666667,10.12,21.58
2313,PI 550461,B14A,2019,Havelock,B1,-N,sb3,spb1,No Nitrogen,1,2,NA,18.7,16.7,23.32
2315,Ames 27140,NC260,2019,Havelock,B1,-N,sb3,spb2,No Nitrogen,1,2,NA,13.86666667,16.2,25.6
2317,NSL 30894,R177,2019,Havelock,B1,-N,sb3,spb2,No Nitrogen,1,2,NA,15.36666667,NA,NA
2319,Ames 27151,NC310,2019,Havelock,B1,-N,sb3,spb2,No Nitrogen,1,2,NA,12.71666667,18.68333333,27.43333333
2321,Ames 27178,NC364,2019,Havelock,B1,-N,sb3,spb2,No Nitrogen,1,2,NA,10.21666667,NA,NA
2323,NSL 65873,L317,2019,Havelock,B1,-N,sb3,spb2,No Nitrogen,1,2,NA,15.93333333,NA,NA
2325,NSL 28966,Oh40B,2019,Havelock,B1,-N,sb3,spb2,No Nitrogen,1,2,NA,15.88333333,13.81666667,21.21666667
2327,Ames 27168,NC344,2019,Havelock,B1,-N,sb3,spb2,No Nitrogen,1,2,5,12.1,15.03333333,24.3
2329,Ames 19328,Va22,2019,Havelock,B1,-N,sb3,spb3,No Nitrogen,1,2,NA,17.8,NA,NA
2331,CIze 44,CI44,2019,Havelock,B1,-N,sb3,spb3,No Nitrogen,1,2,5.2,11.01666667,12.83333333,21.1
2333,Ames 28290,C49,2019,Havelock,B1,-N,sb3,spb3,No Nitrogen,1,2,NA,10.16666667,9.95,24.06666667
2335,Ames 28367,CI7Goodman-Buckler,2019,Havelock,B1,-N,sb3,spb3,No Nitrogen,1,2,NA,11.9,NA,NA
2337,Ames 27193,Va85,2019,Havelock,B1,-N,sb3,spb3,No Nitrogen,1,2,NA,16.08333333,NA,NA
2339,PI 587149,Va26,2019,Havelock,B1,-N,sb3,spb3,No Nitrogen,1,2,NA,10.61666667,12.93333333,25.11666667
2341,Ames 26771,33-16,2019,Havelock,B1,-N,sb3,spb3,No Nitrogen,1,2,NA,11.4,11.95,22.18333333
2343,PI 595565,CML287,2019,Havelock,B1,-N,sb4,spb1,No Nitrogen,1,2,NA,12.61666667,NA,NA
2345,Check,Check,2019,Havelock,B1,-N,sb4,spb1,No Nitrogen,1,2,4.7,15.1,12.06666667,21.23333333
2347,Ames 27082,CML108,2019,Havelock,B1,-N,sb4,spb1,No Nitrogen,1,2,NA,10.93333333,13,25.15
2349,Ames 27091,CML261,2019,Havelock,B1,-N,sb4,spb1,No Nitrogen,1,2,NA,6.15,1.4,17.45
2351,Check,Check,2019,Havelock,B1,-N,sb4,spb1,No Nitrogen,1,2,6.7,15.43333333,23.03333333,27.1
2353,Ames 27081,CML103,2019,Havelock,B1,-N,sb4,spb1,No Nitrogen,1,2,2.5,12.65,8.866666667,20.76666667
2355,Ames 27101,CML333,2019,Havelock,B1,-N,sb4,spb1,No Nitrogen,1,2,NA,11.8,15.4,23.53333333
2357,Ames 27156,NC320,2019,Havelock,B1,-N,sb4,spb2,No Nitrogen,1,2,4.5,13.45,12.76666667,20.16666667
2359,Ames 27165,NC338,2019,Havelock,B1,-N,sb4,spb2,No Nitrogen,1,2,5,15.52857143,18.625,25
2361,NSL 30038,K4,2019,Havelock,B1,-N,sb4,spb2,No Nitrogen,1,2,3.6,16.33333333,16.76666667,23.3
2363,PI 550558,DE811,2019,Havelock,B1,-N,sb4,spb2,No Nitrogen,1,2,NA,12.4,5.75,17.1
2365,Ames 27144,NC296,2019,Havelock,B1,-N,sb4,spb2,No Nitrogen,1,2,3.5,13.98333333,9.533333333,23.26666667
2367,Ames 27110,E2558W,2019,Havelock,B1,-N,sb4,spb2,No Nitrogen,1,2,5.7,14.21666667,11.73333333,18.9
2369,Check,Check,2019,Havelock,B1,-N,sb4,spb2,No Nitrogen,1,2,5.2,13.6,12.83333333,19.4
2371,PI 506253,Tzi18,2019,Havelock,B1,-N,sb4,spb3,No Nitrogen,1,2,NA,NA,NA,NA
2373,Ames 27131,Ky226,2019,Havelock,B1,-N,sb4,spb3,No Nitrogen,1,2,5,11.73333333,18.76666667,24.16666667
2375,Ames 22748,H100,2019,Havelock,B1,-N,sb4,spb3,No Nitrogen,1,2,5.6,15.2,11.63333333,21.73333333
2377,PI 540745,Tzi11,2019,Havelock,B1,-N,sb4,spb3,No Nitrogen,1,2,NA,11.86666667,11.55,21.83333333
2379,PI 506255,Tzi25,2019,Havelock,B1,-N,sb4,spb3,No Nitrogen,1,2,5.1,13.28333333,16.76666667,22.73333333
2381,Check,Check,2019,Havelock,B1,-N,sb4,spb3,No Nitrogen,1,2,NA,16.81666667,NA,NA
2383,Ames 27179,NC366,2019,Havelock,B1,-N,sb4,spb3,No Nitrogen,1,2,3.7,11.8,8.7,19.93333333
2401,Ames 27114,H91,2019,Havelock,B1,-N,sb3,spb1,No Nitrogen,1,2,NA,19.25,25.65,25.9
2403,NSL 30904,4226,2019,Havelock,B1,-N,sb3,spb1,No Nitrogen,1,2,NA,14.8,NA,NA
2405,PI 550473,B73,2019,Havelock,B1,-N,sb3,spb1,No Nitrogen,1,2,NA,14.16666667,NA,NA
2407,PI 608765,B77,2019,Havelock,B1,-N,sb3,spb1,No Nitrogen,1,2,NA,14.28333333,NA,NA
2409,PI 587140,A632,2019,Havelock,B1,-N,sb3,spb1,No Nitrogen,1,2,NA,13.56666667,NA,NA
2411,Ames 26769,B2,2019,Havelock,B1,-N,sb3,spb1,No Nitrogen,1,2,NA,12.63333333,NA,NA
2413,Ames 27069,CH701-30,2019,Havelock,B1,-N,sb3,spb1,No Nitrogen,1,2,NA,12.18333333,NA,NA
2415,NSL 65874,Os420,2019,Havelock,B1,-N,sb3,spb2,No Nitrogen,1,2,NA,12.86666667,NA,NA
2417,PI 517974,Pa880,2019,Havelock,B1,-N,sb3,spb2,No Nitrogen,1,2,4.5,12.13333333,23.13333333,25.4
2419,Ames 28939,Mo44,2019,Havelock,B1,-N,sb3,spb2,No Nitrogen,1,2,NA,13.81666667,NA,NA
2421,Ames 27159,NC326,2019,Havelock,B1,-N,sb3,spb2,No Nitrogen,1,2,NA,14.38333333,NA,NA
2423,Ames 27143,NC294,2019,Havelock,B1,-N,sb3,spb2,No Nitrogen,1,2,NA,12.96666667,NA,NA
2425,Ames 27160,NC328,2019,Havelock,B1,-N,sb3,spb2,No Nitrogen,1,2,4.4,13.48333333,18.5,24.1
2427,Ames 27118,Il14H,2019,Havelock,B1,-N,sb3,spb2,No Nitrogen,1,2,NA,10.91666667,NA,NA
2429,Ames 19293,Wf9,2019,Havelock,B1,-N,sb3,spb3,No Nitrogen,1,2,NA,13.15,NA,NA
2431,Ames 31536,A214NGoodman-Buckler,2019,Havelock,B1,-N,sb3,spb3,No Nitrogen,1,2,NA,16.66666667,NA,NA
2433,Ames 27196,Yu796_NS,2019,Havelock,B1,-N,sb3,spb3,No Nitrogen,1,2,NA,9.25,NA,NA
2435,Ames 31535,38-11Goodman-Buckler,2019,Havelock,B1,-N,sb3,spb3,No Nitrogen,1,2,NA,12.01666667,12.45,23.93333333
2437,PI 550518,T8,2019,Havelock,B1,-N,sb3,spb3,No Nitrogen,1,2,NA,12.03333333,NA,NA
2439,PI 606768,SD40,2019,Havelock,B1,-N,sb3,spb3,No Nitrogen,1,2,NA,11.66666667,NA,NA
2441,Ames 24989,Va99,2019,Havelock,B1,-N,sb3,spb3,No Nitrogen,1,2,NA,12.08333333,NA,NA
2443,Check,Check,2019,Havelock,B1,-N,sb4,spb1,No Nitrogen,1,2,NA,12.53333333,NA,NA
2445,Check,Check,2019,Havelock,B1,-N,sb4,spb1,No Nitrogen,1,2,NA,9.933333333,NA,NA
2447,Check,Check,2019,Havelock,B1,-N,sb4,spb1,No Nitrogen,1,2,NA,10.8,NA,NA
2449,Ames 27086,CML218,2019,Havelock,B1,-N,sb4,spb1,No Nitrogen,1,2,NA,12.21666667,NA,NA
2451,PI 595561,CML52,2019,Havelock,B1,-N,sb4,spb1,No Nitrogen,1,2,NA,8.866666667,6.933333333,20.4
2453,PI 595542,CML254,2019,Havelock,B1,-N,sb4,spb1,No Nitrogen,1,2,NA,9.9,4.516666667,16.9
2455,Ames 26604,38-11,2019,Havelock,B1,-N,sb4,spb1,No Nitrogen,1,2,NA,11.58333333,12.58,23.46
2457,Ames 27134,M162W,2019,Havelock,B1,-N,sb4,spb2,No Nitrogen,1,2,5.6,12.51666667,15.73333333,24.5
2459,Ames 10248,GA209,2019,Havelock,B1,-N,sb4,spb2,No Nitrogen,1,2,NA,8.916666667,NA,NA
2461,Ames 27155,NC318,2019,Havelock,B1,-N,sb4,spb2,No Nitrogen,1,2,4,12.11666667,9.366666667,17.5
2463,Ames 28184,CML69,2019,Havelock,B1,-N,sb4,spb2,No Nitrogen,1,2,NA,13.41666667,16.06666667,25.36666667
2465,PI 587144,Mo24W,2019,Havelock,B1,-N,sb4,spb2,No Nitrogen,1,2,NA,18.26666667,NA,NA
2467,Check,Check,2019,Havelock,B1,-N,sb4,spb2,No Nitrogen,1,2,5.9,16.38333333,14.43333333,20.1
2469,Ames 27121,K64,2019,Havelock,B1,-N,sb4,spb2,No Nitrogen,1,2,NA,10.18333333,10.65,23.63333333
2471,PI 550522,T232,2019,Havelock,B1,-N,sb4,spb3,No Nitrogen,1,2,NA,13.03333333,NA,NA
2473,Ames 27189,SC55,2019,Havelock,B1,-N,sb4,spb3,No Nitrogen,1,2,NA,NA,NA,NA
2475,Ames 22763,Tx601,2019,Havelock,B1,-N,sb4,spb3,No Nitrogen,1,2,NA,11.45,19.91666667,27.83333333
2477,PI 257506,F2,2019,Havelock,B1,-N,sb4,spb3,No Nitrogen,1,2,NA,12.85,7.95,23
2479,PI 606330,DE2,2019,Havelock,B1,-N,sb4,spb3,No Nitrogen,1,2,4.6,13.13333333,14.63333333,25.43333333
2481,Ames 26808,Ill.Hy,2019,Havelock,B1,-N,sb4,spb3,No Nitrogen,1,2,6.2,11.95,13.9,25.93333333
2483,Check,Check,2019,Havelock,B1,-N,sb4,spb3,No Nitrogen,1,2,NA,NA,NA,NA
2501,Ames 19314,CI64,2019,Havelock,B1,-N,sb3,spb1,No Nitrogen,1,2,NA,11.6,14.68333333,25.98333333
2503,Ames 27065,B73Htrhm,2019,Havelock,B1,-N,sb3,spb1,No Nitrogen,1,2,NA,12.6,21.475,28.65
2505,PI 608767,B84,2019,Havelock,B1,-N,sb3,spb1,No Nitrogen,1,2,NA,9.7,11.76,22.96
2507,PI 564682,B97,2019,Havelock,B1,-N,sb3,spb1,No Nitrogen,1,2,6.2,12.56666667,14.86666667,21.03333333
2509,PI 597927,B109,2019,Havelock,B1,-N,sb3,spb1,No Nitrogen,1,2,5,13.16666667,15.56666667,23.9
2511,Ames 23503,A680,2019,Havelock,B1,-N,sb3,spb1,No Nitrogen,1,2,4.1,15.15,19,23.9
2513,PI 587142,A679,2019,Havelock,B1,-N,sb3,spb1,No Nitrogen,1,2,4.5,14.68333333,18.4,22.96666667
2515,PI 558532,Mo17,2019,Havelock,B1,-N,sb3,spb2,No Nitrogen,1,2,6.3,17.75,13.46666667,18
2517,Ames 27149,NC306,2019,Havelock,B1,-N,sb3,spb2,No Nitrogen,1,2,NA,12.96666667,NA,NA
2519,Ames 27180,NC368,2019,Havelock,B1,-N,sb3,spb2,No Nitrogen,1,2,6.7,11.2,13.66666667,23.7
2521,Check,Check,2019,Havelock,B1,-N,sb3,spb2,No Nitrogen,1,2,5.3,15.03333333,12.33333333,19.53333333
2523,Ames 27167,NC342,2019,Havelock,B1,-N,sb3,spb2,No Nitrogen,1,2,NA,9.616666667,11.28,21.32
2525,PI 583350,Mo45,2019,Havelock,B1,-N,sb3,spb2,No Nitrogen,1,2,NA,15,NA,NA
2527,Ames 27177,NC362,2019,Havelock,B1,-N,sb3,spb2,No Nitrogen,1,2,NA,13.65,NA,NA
2529,Ames 31534,CI90CGoodman-Buckler,2019,Havelock,B1,-N,sb3,spb3,No Nitrogen,1,2,3,8.583333333,6.733333333,19.06666667
2531,Check,Check,2019,Havelock,B1,-N,sb3,spb3,No Nitrogen,1,2,NA,14.88333333,NA,NA
2533,PI 592734,R229,2019,Havelock,B1,-N,sb3,spb3,No Nitrogen,1,2,3.5,9.383333333,10.06666667,23.5
2535,PI 587132,Sg1533,2019,Havelock,B1,-N,sb3,spb3,No Nitrogen,1,2,NA,10.36666667,NA,NA
2537,Check,Check,2019,Havelock,B1,-N,sb3,spb3,No Nitrogen,1,2,NA,13.96666667,NA,NA
2539,PI 587125,CO109,2019,Havelock,B1,-N,sb3,spb3,No Nitrogen,1,2,NA,8.6,6.614285714,18.63333333
2541,Ames 27187,R4,2019,Havelock,B1,-N,sb3,spb3,No Nitrogen,1,2,NA,13.57142857,NA,NA
2543,Check,Check,2019,Havelock,B1,-N,sb4,spb1,No Nitrogen,1,2,NA,15.7,NA,NA
2545,Ames 27096,CML322,2019,Havelock,B1,-N,sb4,spb1,No Nitrogen,1,2,NA,10.26666667,12.31666667,23.93333333
2547,PI 550465,B68,2019,Havelock,B1,-N,sb4,spb1,No Nitrogen,1,2,NA,12.68333333,11.41666667,22.08333333
2549,PI 406112,A214N,2019,Havelock,B1,-N,sb4,spb1,No Nitrogen,1,2,NA,16.11428571,11.45,19.25
2551,PI 587130,4722,2019,Havelock,B1,-N,sb4,spb1,No Nitrogen,1,2,NA,12.21666667,NA,NA
2553,Ames 27095,CML321,2019,Havelock,B1,-N,sb4,spb1,No Nitrogen,1,2,NA,14.25,17.91666667,25.7
2555,Check,Check,2019,Havelock,B1,-N,sb4,spb1,No Nitrogen,1,2,5,16.01666667,16.76666667,20.66666667
2557,PI 531084,NC258,2019,Havelock,B1,-N,sb4,spb2,No Nitrogen,1,2,4.6,9.583333333,10.16666667,21.73333333
2559,NSL 22893,F44,2019,Havelock,B1,-N,sb4,spb2,No Nitrogen,1,2,NA,8.016666667,4.28,18.44
2561,Ames 12729,NC222,2019,Havelock,B1,-N,sb4,spb2,No Nitrogen,1,2,NA,8.85,NA,NA
2563,Ames 27133,M37W,2019,Havelock,B1,-N,sb4,spb2,No Nitrogen,1,2,NA,13.56666667,14.36666667,24.56666667
2565,Check,Check,2019,Havelock,B1,-N,sb4,spb2,No Nitrogen,1,2,NA,14.03333333,NA,NA
2567,Ames 27170,NC348,2019,Havelock,B1,-N,sb4,spb2,No Nitrogen,1,2,NA,12.28333333,NA,NA
2569,Ames 27169,NC346,2019,Havelock,B1,-N,sb4,spb2,No Nitrogen,1,2,NA,11.2,NA,NA
2571,Check,Check,2019,Havelock,B1,-N,sb4,spb3,No Nitrogen,1,2,NA,15.28333333,NA,NA
2573,Check,Check,2019,Havelock,B1,-N,sb4,spb3,No Nitrogen,1,2,NA,15.11666667,NA,NA
2575,PI 558520,Mo1W,2019,Havelock,B1,-N,sb4,spb3,No Nitrogen,1,2,NA,7.3,2.95,22.05
2577,Check,Check,2019,Havelock,B1,-N,sb4,spb3,No Nitrogen,1,2,NA,17.65,NA,NA
2579,Ames 27129,KUI2021,2019,Havelock,B1,-N,sb4,spb3,No Nitrogen,1,2,NA,13.01666667,13.48333333,25.63333333
2581,Ames 27119,Il101T,2019,Havelock,B1,-N,sb4,spb3,No Nitrogen,1,2,NA,10.88333333,5.633333333,18.53333333
2583,PI 587147,Pa91,2019,Havelock,B1,-N,sb4,spb3,No Nitrogen,1,2,NA,11.42,12.22,20.56
3001,PI 406112,A214N,2019,Havelock,B2,-N,sb1,spb1,No Nitrogen,2,3,NA,13.12,11.38,18.92
3003,NSL 65865,B10,2019,Havelock,B2,-N,sb1,spb1,No Nitrogen,2,3,5.6,14.93333333,18.1,20.6
3005,Ames 27081,CML103,2019,Havelock,B2,-N,sb1,spb1,No Nitrogen,2,3,NA,14.83333333,14.1,23.63333333
3007,PI 595550,CML277,2019,Havelock,B2,-N,sb1,spb1,No Nitrogen,2,3,NA,9.05,NA,NA
3009,Check,Check,2019,Havelock,B2,-N,sb1,spb1,No Nitrogen,2,3,4.9,13.61666667,11.03333333,19.2
3011,Ames 26604,38-11,2019,Havelock,B2,-N,sb1,spb1,No Nitrogen,2,3,NA,7.766666667,7.875,21
3013,Check,Check,2019,Havelock,B2,-N,sb1,spb1,No Nitrogen,2,3,5.1,14.55,11.56666667,18.96666667
3015,Check,Check,2019,Havelock,B2,-N,sb1,spb2,No Nitrogen,2,3,NA,12.63333333,10.43333333,22.11666667
3017,Ames 27156,NC320,2019,Havelock,B2,-N,sb1,spb2,No Nitrogen,2,3,NA,9.383333333,6.083333333,19.86666667
3019,Check,Check,2019,Havelock,B2,-N,sb1,spb2,No Nitrogen,2,3,4.6,13.13333333,10.33333333,20.03333333
3021,NSL 22893,F44,2019,Havelock,B2,-N,sb1,spb2,No Nitrogen,2,3,NA,8.5,4.76,17.24
3023,Ames 27134,M162W,2019,Havelock,B2,-N,sb1,spb2,No Nitrogen,2,3,NA,12.01666667,13.98333333,23.91666667
3025,Ames 28184,CML69,2019,Havelock,B2,-N,sb1,spb2,No Nitrogen,2,3,NA,10.86666667,NA,NA
3027,PI 550558,DE811,2019,Havelock,B2,-N,sb1,spb2,No Nitrogen,2,3,4.1,11.93333333,14,23.33333333
3029,Ames 22748,H100,2019,Havelock,B2,-N,sb1,spb3,No Nitrogen,2,3,NA,10.48333333,12.83333333,24.93333333
3031,PI 558520,Mo1W,2019,Havelock,B2,-N,sb1,spb3,No Nitrogen,2,3,NA,11.26666667,12.73333333,26.13333333
3033,PI 506253,Tzi18,2019,Havelock,B2,-N,sb1,spb3,No Nitrogen,2,3,NA,12.38333333,19.71666667,25.16666667
3035,PI 506246,Tzi8,2019,Havelock,B2,-N,sb1,spb3,No Nitrogen,2,3,NA,9,8.05,25.1
3037,Check,Check,2019,Havelock,B2,-N,sb1,spb3,No Nitrogen,2,3,5.2,14.41666667,10.76666667,19.43333333
3039,Ames 26808,Ill.Hy,2019,Havelock,B2,-N,sb1,spb3,No Nitrogen,2,3,NA,11.95,18.25,27.675
3041,PI 257506,F2,2019,Havelock,B2,-N,sb1,spb3,No Nitrogen,2,3,NA,10.96666667,7.266666667,24.53333333
3043,Ames 22443,A188,2019,Havelock,B2,-N,sb2,spb1,No Nitrogen,2,3,NA,11.3,8.183333333,20.11666667
3045,Ames 27068,CH9,2019,Havelock,B2,-N,sb2,spb1,No Nitrogen,2,3,5.6,10.28333333,14.46666667,25.36666667
3047,PI 587143,A682,2019,Havelock,B2,-N,sb2,spb1,No Nitrogen,2,3,6.4,12.28333333,8.533333333,18.86666667
3049,Check,Check,2019,Havelock,B2,-N,sb2,spb1,No Nitrogen,2,3,NA,15.86666667,15.25,22.5
3051,Ames 19311,A641,2019,Havelock,B2,-N,sb2,spb1,No Nitrogen,2,3,NA,10.9,12.86,22.54
3053,Ames 23450,A556,2019,Havelock,B2,-N,sb2,spb1,No Nitrogen,2,3,NA,12.78333333,15.6,23.41666667
3055,PI 587124,CM105,2019,Havelock,B2,-N,sb2,spb1,No Nitrogen,2,3,4.3,14.63333333,22.33333333,25.4
3057,Ames 27135,MEF156-55-2,2019,Havelock,B2,-N,sb2,spb2,No Nitrogen,2,3,NA,NA,NA,NA
3059,Ames 20140,Mt42,2019,Havelock,B2,-N,sb2,spb2,No Nitrogen,2,3,3.7,11.2,8.433333333,20.23333333
3061,PI 583352,Mo47,2019,Havelock,B2,-N,sb2,spb2,No Nitrogen,2,3,4.3,11.28333333,9.7,20.6
3063,Check,Check,2019,Havelock,B2,-N,sb2,spb2,No Nitrogen,2,3,NA,13.96666667,11.2,21.68333333
3065,PI 587129,H99,2019,Havelock,B2,-N,sb2,spb2,No Nitrogen,2,3,NA,10.669,9.666666667,19.18333333
3067,PI 587127,H105W,2019,Havelock,B2,-N,sb2,spb2,No Nitrogen,2,3,NA,11.78,10.2,25.06666667
3069,Check,Check,2019,Havelock,B2,-N,sb2,spb2,No Nitrogen,2,3,5.3,15.58571429,13.05,20.1
3071,PI 587145,NC268,2019,Havelock,B2,-N,sb2,spb3,No Nitrogen,2,3,5,14.05,9.766666667,17.6
3073,Ames 27162,NC332,2019,Havelock,B2,-N,sb2,spb3,No Nitrogen,2,3,NA,14.1,23.9,27.93333333
3075,PI 587154,W153R,2019,Havelock,B2,-N,sb2,spb3,No Nitrogen,2,3,NA,10,5.8,19.6
3077,PI 550490,ND246,2019,Havelock,B2,-N,sb2,spb3,No Nitrogen,2,3,3.5,14.13333333,12.53333333,18
3079,Ames 28186,P39,2019,Havelock,B2,-N,sb2,spb3,No Nitrogen,2,3,4.6,12.12857143,6.35,18.775
3081,Ames 19016,Va59,2019,Havelock,B2,-N,sb2,spb3,No Nitrogen,2,3,NA,10.61666667,11.3,22.63333333
3083,PI 524969,SD44,2019,Havelock,B2,-N,sb2,spb3,No Nitrogen,2,3,NA,8.166666667,8.5,23.56666667
3101,Ames 27082,CML108,2019,Havelock,B2,-N,sb1,spb1,No Nitrogen,2,3,4.1,10.85,14.86666667,23.46666667
3103,Check,Check,2019,Havelock,B2,-N,sb1,spb1,No Nitrogen,2,3,NA,15.03333333,14.66666667,22.95
3105,Check,Check,2019,Havelock,B2,-N,sb1,spb1,No Nitrogen,2,3,5.1,10.58333333,8.433333333,19.96666667
3107,Check,Check,2019,Havelock,B2,-N,sb1,spb1,No Nitrogen,2,3,NA,13.8,NA,NA
3109,Check,Check,2019,Havelock,B2,-N,sb1,spb1,No Nitrogen,2,3,NA,12.41666667,10.71666667,22.46666667
3111,PI 550465,B68,2019,Havelock,B2,-N,sb1,spb1,No Nitrogen,2,3,NA,16.06666667,NA,NA
3113,Check,Check,2019,Havelock,B2,-N,sb1,spb1,No Nitrogen,2,3,NA,15.38333333,13.9,21.93333333
3115,Ames 27166,NC340,2019,Havelock,B2,-N,sb1,spb2,No Nitrogen,2,3,7.1,14.03333333,17.33333333,26.76666667
3117,Ames 27169,NC346,2019,Havelock,B2,-N,sb1,spb2,No Nitrogen,2,3,5.7,11.98333333,6.333333333,19.76666667
3119,Ames 27155,NC318,2019,Havelock,B2,-N,sb1,spb2,No Nitrogen,2,3,3.1,11.05,6.666666667,16.53333333
3121,Ames 10248,GA209,2019,Havelock,B2,-N,sb1,spb2,No Nitrogen,2,3,NA,12.06666667,NA,NA
3123,Ames 27133,M37W,2019,Havelock,B2,-N,sb1,spb2,No Nitrogen,2,3,5.6,15.3,16.43333333,24.03333333
3125,Ames 27165,NC338,2019,Havelock,B2,-N,sb1,spb2,No Nitrogen,2,3,NA,16.48333333,NA,NA
3127,Ames 27121,K64,2019,Havelock,B2,-N,sb1,spb2,No Nitrogen,2,3,NA,14,NA,NA
3129,PI 587147,Pa91,2019,Havelock,B2,-N,sb1,spb3,No Nitrogen,2,3,5.4,13.28333333,12.73333333,21.93333333
3131,PI 550522,T232,2019,Havelock,B2,-N,sb1,spb3,No Nitrogen,2,3,7.2,9.783333333,11.3,20.96666667
3133,Check,Check,2019,Havelock,B2,-N,sb1,spb3,No Nitrogen,2,3,5.2,15.21666667,13.16666667,20.49
3135,PI 506255,Tzi25,2019,Havelock,B2,-N,sb1,spb3,No Nitrogen,2,3,4.1,13.26666667,14.4,21.93333333
3137,PI 606330,DE2,2019,Havelock,B2,-N,sb1,spb3,No Nitrogen,2,3,4.5,13.66666667,14.46666667,24
3139,Ames 27119,Il101T,2019,Havelock,B2,-N,sb1,spb3,No Nitrogen,2,3,NA,10.63333333,NA,NA
3141,Ames 27129,KUI2021,2019,Havelock,B2,-N,sb1,spb3,No Nitrogen,2,3,NA,12.86666667,NA,NA
3143,Ames 27067,C49A,2019,Havelock,B2,-N,sb2,spb1,No Nitrogen,2,3,NA,10.24,NA,NA
3145,PI 607521,A661,2019,Havelock,B2,-N,sb2,spb1,No Nitrogen,2,3,NA,11.47142857,NA,NA
3147,PI 608774,B75,2019,Havelock,B2,-N,sb2,spb1,No Nitrogen,2,3,NA,12.61666667,NA,NA
3149,PI 587139,A619,2019,Havelock,B2,-N,sb2,spb1,No Nitrogen,2,3,NA,14.3,NA,NA
3151,PI 594046,B103,2019,Havelock,B2,-N,sb2,spb1,No Nitrogen,2,3,NA,16.66,NA,NA
3153,NSL 81599,A659,2019,Havelock,B2,-N,sb2,spb1,No Nitrogen,2,3,5.7,14.2,23.63333333,27.23333333
3155,PI 587138,A554,2019,Havelock,B2,-N,sb2,spb1,No Nitrogen,2,3,5.1,9.766666667,12.13333333,20.93333333
3157,Ames 27106,CO125,2019,Havelock,B2,-N,sb2,spb2,No Nitrogen,2,3,NA,8.966666667,8.8,21.75
3159,PI 686057,I29,2019,Havelock,B2,-N,sb2,spb2,No Nitrogen,2,3,NA,11.71666667,NA,NA
3161,Ames 20190,CM37,2019,Havelock,B2,-N,sb2,spb2,No Nitrogen,2,3,NA,10.01666667,7.383333333,22.48333333
3163,Ames 24752,MS1334,2019,Havelock,B2,-N,sb2,spb2,No Nitrogen,2,3,2,10.76666667,14.43333333,20.96666667
3165,Ames 27111,EP1,2019,Havelock,B2,-N,sb2,spb2,No Nitrogen,2,3,NA,10.8,7,20.88333333
3167,Ames 27107,CO255,2019,Havelock,B2,-N,sb2,spb2,No Nitrogen,2,3,NA,14.1,9.014285714,22.76666667
3169,PI 686063,IDS91,2019,Havelock,B2,-N,sb2,spb2,No Nitrogen,2,3,2.2,13.48333333,8.7,18.36666667
3171,Ames 27152,NC312,2019,Havelock,B2,-N,sb2,spb3,No Nitrogen,2,3,4.8,13.2,13.26666667,19.43333333
3173,Check,Check,2019,Havelock,B2,-N,sb2,spb3,No Nitrogen,2,3,5.4,15.35,14.9,21.2
3175,Ames 19330,W182B,2019,Havelock,B2,-N,sb2,spb3,No Nitrogen,2,3,NA,12.46666667,NA,NA
3177,Ames 19288,Oh43,2019,Havelock,B2,-N,sb2,spb3,No Nitrogen,2,3,4.4,14.73333333,13.06666667,23.3
3179,Ames 27154,NC316,2019,Havelock,B2,-N,sb2,spb3,No Nitrogen,2,3,NA,14.8,NA,NA
3181,Ames 27142,NC292,2019,Havelock,B2,-N,sb2,spb3,No Nitrogen,2,3,NA,12.9,21.81666667,29.51666667
3183,Ames 27163,NC334,2019,Havelock,B2,-N,sb2,spb3,No Nitrogen,2,3,4.5,13.2,10.2,17.33333333
3201,PI 587130,4722,2019,Havelock,B2,-N,sb1,spb1,No Nitrogen,2,3,NA,8.275,4.775,18.95
3203,Check,Check,2019,Havelock,B2,-N,sb1,spb1,No Nitrogen,2,3,5.1,14.86666667,14.13333333,21.3
3205,Ames 27096,CML322,2019,Havelock,B2,-N,sb1,spb1,No Nitrogen,2,3,NA,10.28333333,13.13333333,24.95
3207,Ames 27101,CML333,2019,Havelock,B2,-N,sb1,spb1,No Nitrogen,2,3,NA,NA,NA,NA
3209,Ames 27085,CML158Q,2019,Havelock,B2,-N,sb1,spb1,No Nitrogen,2,3,3.1,14.48333333,15.8,25.2
3211,Check,Check,2019,Havelock,B2,-N,sb1,spb1,No Nitrogen,2,3,4.7,14.26666667,11.1,19.23333333
3213,Ames 27086,CML218,2019,Havelock,B2,-N,sb1,spb1,No Nitrogen,2,3,2.6,11.86666667,8.1,20.66666667
3215,Ames 27170,NC348,2019,Havelock,B2,-N,sb1,spb2,No Nitrogen,2,3,3.9,11.55,6.633333333,17.26666667
3217,PI 531084,NC258,2019,Havelock,B2,-N,sb1,spb2,No Nitrogen,2,3,4.7,11.03333333,13.06666667,23.3
3219,Ames 27144,NC296,2019,Havelock,B2,-N,sb1,spb2,No Nitrogen,2,3,4.2,11.96666667,6.833333333,21.6
3221,NSL 30038,K4,2019,Havelock,B2,-N,sb1,spb2,No Nitrogen,2,3,NA,7.583333333,6.15,18.9
3223,PI 587144,Mo24W,2019,Havelock,B2,-N,sb1,spb2,No Nitrogen,2,3,1.9,13.85,23.8,28.1
3225,Ames 27110,E2558W,2019,Havelock,B2,-N,sb1,spb2,No Nitrogen,2,3,5.1,14.4375,14.15,21.475
3227,Ames 12729,NC222,2019,Havelock,B2,-N,sb1,spb2,No Nitrogen,2,3,NA,8.733333333,7.733333333,23.01666667
3229,Ames 27131,Ky226,2019,Havelock,B2,-N,sb1,spb3,No Nitrogen,2,3,4.2,10.5,14.1,23.03333333
3231,Check,Check,2019,Havelock,B2,-N,sb1,spb3,No Nitrogen,2,3,5.1,13.98333333,11.93333333,19.86666667
3233,PI 506247,Tzi9,2019,Havelock,B2,-N,sb1,spb3,No Nitrogen,2,3,4.1,10.23333333,11.3,23.86666667
3235,Ames 27189,SC55,2019,Havelock,B2,-N,sb1,spb3,No Nitrogen,2,3,NA,8.3875,8.8,24.13333333
3237,PI 540745,Tzi11,2019,Havelock,B2,-N,sb1,spb3,No Nitrogen,2,3,4.5,10.18333333,6.533333333,18.83333333
3239,Ames 27179,NC366,2019,Havelock,B2,-N,sb1,spb3,No Nitrogen,2,3,NA,12.58,NA,NA
3241,Check,Check,2019,Havelock,B2,-N,sb1,spb3,No Nitrogen,2,3,NA,14.03333333,NA,NA
3243,Ames 23405,A239,2019,Havelock,B2,-N,sb2,spb1,No Nitrogen,2,3,NA,12.6,NA,NA
3245,Ames 19313,C123,2019,Havelock,B2,-N,sb2,spb1,No Nitrogen,2,3,NA,NA,NA,NA
3247,Ames 19316,CM174,2019,Havelock,B2,-N,sb2,spb1,No Nitrogen,2,3,4.7,13.96666667,17.86666667,24.46666667
3249,PI 550483,B76,2019,Havelock,B2,-N,sb2,spb1,No Nitrogen,2,3,6.9,12.175,14.975,23.575
3251,PI 587141,A654,2019,Havelock,B2,-N,sb2,spb1,No Nitrogen,2,3,5.7,15.55714286,24.55,22.775
3253,PI 550440,B64,2019,Havelock,B2,-N,sb2,spb1,No Nitrogen,2,3,NA,14.28333333,16.9,21.65
3255,Ames 19308,A634,2019,Havelock,B2,-N,sb2,spb1,No Nitrogen,2,3,5.6,14.51666667,19.4,24.4
3257,Ames 24734,MS153,2019,Havelock,B2,-N,sb2,spb2,No Nitrogen,2,3,5.3,12.5,14.93333333,25.26666667
3259,PI 257507,F7,2019,Havelock,B2,-N,sb2,spb2,No Nitrogen,2,3,NA,12.33333333,8.666666667,20.81666667
3261,Ames 27105,CO106,2019,Havelock,B2,-N,sb2,spb2,No Nitrogen,2,3,NA,11.6,9.7,21.2
3263,Ames 27104,CMV3,2019,Havelock,B2,-N,sb2,spb2,No Nitrogen,2,3,NA,10.45,NA,NA
3265,NSL 30867,M14,2019,Havelock,B2,-N,sb2,spb2,No Nitrogen,2,3,NA,11.4,NA,NA
3267,Ames 28364,IA2132,2019,Havelock,B2,-N,sb2,spb2,No Nitrogen,2,3,NA,16.28333333,17.73333333,24.56666667
3269,Ames 27070,CM7,2019,Havelock,B2,-N,sb2,spb2,No Nitrogen,2,3,NA,10.625,NA,NA
3271,PI 531085,NC262,2019,Havelock,B2,-N,sb2,spb3,No Nitrogen,2,3,6.2,11.48333333,16.46666667,26.03333333
3273,Check,Check,2019,Havelock,B2,-N,sb2,spb3,No Nitrogen,2,3,5.3,15.46666667,13.06666667,18.76666667
3275,Ames 19326,R168,2019,Havelock,B2,-N,sb2,spb3,No Nitrogen,2,3,NA,9.625,NA,NA
3277,Ames 27150,NC308,2019,Havelock,B2,-N,sb2,spb3,No Nitrogen,2,3,6,13.68333333,16.13333333,22.03333333
3279,PI 550566,N192,2019,Havelock,B2,-N,sb2,spb3,No Nitrogen,2,3,5.1,16.95,20.93333333,24.33333333
3281,Ames 27161,NC330,2019,Havelock,B2,-N,sb2,spb3,No Nitrogen,2,3,NA,15.83333333,NA,NA
3283,Check,Check,2019,Havelock,B2,-N,sb2,spb3,No Nitrogen,2,3,6.5,17.08333333,18.8,21.23333333
3301,Ames 19309,A635,2019,Havelock,B2,-N,sb3,spb1,No Nitrogen,2,3,NA,8.914285714,5.057142857,18.81666667
3303,Check,Check,2019,Havelock,B2,-N,sb3,spb1,No Nitrogen,2,3,NA,14.68333333,NA,NA
3305,Ames 26138,CI187-2,2019,Havelock,B2,-N,sb3,spb1,No Nitrogen,2,3,NA,11.73333333,6.566666667,21.4
3307,Ames 27087,CML220,2019,Havelock,B2,-N,sb3,spb1,No Nitrogen,2,3,5.2,10.31666667,12,24.96666667
3309,PI 608766,B79,2019,Havelock,B2,-N,sb3,spb1,No Nitrogen,2,3,NA,9.457142857,13.42857143,25.25
3311,Ames 27083,CML154Q,2019,Havelock,B2,-N,sb3,spb1,No Nitrogen,2,3,4,15.16666667,38.03333333,31.5
3313,Ames 27112,F2834T,2019,Havelock,B2,-N,sb3,spb1,No Nitrogen,2,3,6.3,11.31666667,7.566666667,16.33333333
3315,Check,Check,2019,Havelock,B2,-N,sb3,spb2,No Nitrogen,2,3,5,15.93333333,13.6,20.9
3317,Ames 27164,NC336,2019,Havelock,B2,-N,sb3,spb2,No Nitrogen,2,3,4.5,14.18,7.833333333,21.13333333
3319,Ames 12732,NC232,2019,Havelock,B2,-N,sb3,spb2,No Nitrogen,2,3,4.6,12.85,25.93333333,29.73333333
3321,Ames 27137,N6,2019,Havelock,B2,-N,sb3,spb2,No Nitrogen,2,3,4.3,12.71666667,15.36666667,24.93333333
3323,PI 583351,Mo46,2019,Havelock,B2,-N,sb3,spb2,No Nitrogen,2,3,NA,11.86,17.12,26.1
3325,Ames 27147,NC302,2019,Havelock,B2,-N,sb3,spb2,No Nitrogen,2,3,5.8,11.13333333,7.533333333,20.4
3327,Ames 28366,N7A,2019,Havelock,B2,-N,sb3,spb2,No Nitrogen,2,3,5.3,11.83333333,13,21.23333333
3329,Ames 27183,Oh43E,2019,Havelock,B2,-N,sb3,spb3,No Nitrogen,2,3,NA,11.33333333,8.233333333,22.23333333
3331,Ames 19323,Oh7B,2019,Havelock,B2,-N,sb3,spb3,No Nitrogen,2,3,NA,17.36666667,14.6,21.66666667
3333,Ames 27184,Pa762,2019,Havelock,B2,-N,sb3,spb3,No Nitrogen,2,3,5.3,11.93333333,11.2,23.1
3335,PI 587150,Va35,2019,Havelock,B2,-N,sb3,spb3,No Nitrogen,2,3,NA,11.98333333,11.13333333,22.05
3337,PI 587152,W64A,2019,Havelock,B2,-N,sb3,spb3,No Nitrogen,2,3,3.9,11.7,13.63333333,24.26666667
3339,PI 686065,SA24,2019,Havelock,B2,-N,sb3,spb3,No Nitrogen,2,3,NA,13.88571429,8.428571429,17.48333333
3341,Check,Check,2019,Havelock,B2,-N,sb3,spb3,No Nitrogen,2,3,4.3,12.58333333,10,19.4
3343,PI 564682,B97,2019,Havelock,B2,-N,sb4,spb1,No Nitrogen,2,3,6.3,11.73333333,16.06666667,22.63333333
3345,NSL 30904,4226,2019,Havelock,B2,-N,sb4,spb1,No Nitrogen,2,3,4.9,12.75,15.16666667,22.03333333
3347,PI 550467,B37,2019,Havelock,B2,-N,sb4,spb1,No Nitrogen,2,3,6.2,13,21.13333333,26.16666667
3349,PI 550469,B46,2019,Havelock,B2,-N,sb4,spb1,No Nitrogen,2,3,NA,16.58571429,23.15714286,24.76666667
3351,PI 608767,B84,2019,Havelock,B2,-N,sb4,spb1,No Nitrogen,2,3,NA,14.35,16.35,24.95
3353,PI 597927,B109,2019,Havelock,B2,-N,sb4,spb1,No Nitrogen,2,3,NA,14.77142857,NA,NA
3355,Ames 27065,B73Htrhm,2019,Havelock,B2,-N,sb4,spb1,No Nitrogen,2,3,NA,11.48,14.36,26.46
3357,NSL 30894,R177,2019,Havelock,B2,-N,sb4,spb2,No Nitrogen,2,3,NA,13.28571429,18.55,22.3
3359,NSL 65874,Os420,2019,Havelock,B2,-N,sb4,spb2,No Nitrogen,2,3,NA,13.2,16.1,27.1
3361,Ames 27159,NC326,2019,Havelock,B2,-N,sb4,spb2,No Nitrogen,2,3,4.4,14.88333333,20.53333333,26.6
3363,Ames 27143,NC294,2019,Havelock,B2,-N,sb4,spb2,No Nitrogen,2,3,4.5,11.71666667,12.5,22.5
3365,Ames 27180,NC368,2019,Havelock,B2,-N,sb4,spb2,No Nitrogen,2,3,6.8,10.3,13.23333333,25.23333333
3367,Ames 27118,Il14H,2019,Havelock,B2,-N,sb4,spb2,No Nitrogen,2,3,5.5,10.1875,7.15,20.775
3369,NSL 28966,Oh40B,2019,Havelock,B2,-N,sb4,spb2,No Nitrogen,2,3,NA,16.92,15.275,23.425
3371,PI 587132,Sg1533,2019,Havelock,B2,-N,sb4,spb3,No Nitrogen,2,3,NA,11.91666667,8.966666667,20.21666667
3373,Ames 28290,C49,2019,Havelock,B2,-N,sb4,spb3,No Nitrogen,2,3,NA,7.525,2.9,21.1
3375,PI 587149,Va26,2019,Havelock,B2,-N,sb4,spb3,No Nitrogen,2,3,5.8,10.5,13.46666667,25.63333333
3377,Check,Check,2019,Havelock,B2,-N,sb4,spb3,No Nitrogen,2,3,4.6,13.9,11.43333333,19.9
3379,Ames 24989,Va99,2019,Havelock,B2,-N,sb4,spb3,No Nitrogen,2,3,5.6,14.11666667,15.96666667,22.03333333
3381,Ames 27196,Yu796_NS,2019,Havelock,B2,-N,sb4,spb3,No Nitrogen,2,3,4.1,8.8,6.5,17.53333333
3383,PI 550518,T8,2019,Havelock,B2,-N,sb4,spb3,No Nitrogen,2,3,4.8,10.18333333,7.266666667,17.1
3401,PI 587131,HP301,2019,Havelock,B2,-N,sb3,spb1,No Nitrogen,2,3,2.2,NA,7.3,18
3403,PI 550472,B57,2019,Havelock,B2,-N,sb3,spb1,No Nitrogen,2,3,5.6,NA,15.86666667,23.63333333
3405,PI 594047,B104,2019,Havelock,B2,-N,sb3,spb1,No Nitrogen,2,3,4.1,10.83333333,14.5,24.83333333
3407,Ames 22754,K55,2019,Havelock,B2,-N,sb3,spb1,No Nitrogen,2,3,4.4,NA,13.63333333,28.16666667
3409,Check,Check,2019,Havelock,B2,-N,sb3,spb1,No Nitrogen,2,3,NA,14.71666667,NA,NA
3411,Check,Check,2019,Havelock,B2,-N,sb3,spb1,No Nitrogen,2,3,NA,15,NA,NA
3413,Ames 21512,CI31A,2019,Havelock,B2,-N,sb3,spb1,No Nitrogen,2,3,NA,9.928571429,NA,NA
3415,Ames 27172,NC352,2019,Havelock,B2,-N,sb3,spb2,No Nitrogen,2,3,NA,13.91666667,9.65,23.11666667
3417,Check,Check,2019,Havelock,B2,-N,sb3,spb2,No Nitrogen,2,3,NA,16.12,NA,NA
3419,PI 520774,NC264,2019,Havelock,B2,-N,sb3,spb2,No Nitrogen,2,3,NA,10.56666667,7.1,21.43333333
3421,Ames 27138,N28Ht,2019,Havelock,B2,-N,sb3,spb2,No Nitrogen,2,3,NA,12.41428571,14.31428571,25.35
3423,PI 543916,Mp339,2019,Havelock,B2,-N,sb3,spb2,No Nitrogen,2,3,NA,NA,NA,NA
3425,Ames 27141,NC290A,2019,Havelock,B2,-N,sb3,spb2,No Nitrogen,2,3,NA,14.71666667,NA,NA
3427,PI 550555,NC250,2019,Havelock,B2,-N,sb3,spb2,No Nitrogen,2,3,5.5,NA,14.36666667,22.23333333
3429,Ames 19000,VaW6,2019,Havelock,B2,-N,sb3,spb3,No Nitrogen,2,3,NA,16.6,15.21666667,22.2
3431,NSL 53094,SC357,2019,Havelock,B2,-N,sb3,spb3,No Nitrogen,2,3,3.7,NA,16.2,19.63333333
3433,Ames 27185,Pa875,2019,Havelock,B2,-N,sb3,spb3,No Nitrogen,2,3,3.2,13.26666667,11.56666667,21.63333333
3435,Ames 27181,NC370,2019,Havelock,B2,-N,sb3,spb3,No Nitrogen,2,3,NA,9.833333333,NA,NA
3437,Check,Check,2019,Havelock,B2,-N,sb3,spb3,No Nitrogen,2,3,5.8,NA,18.13333333,21.33333333
3439,Ames 8399,W117HT,2019,Havelock,B2,-N,sb3,spb3,No Nitrogen,2,3,NA,9.666666667,5.216666667,18.15
3441,PI 587151,Va102,2019,Havelock,B2,-N,sb3,spb3,No Nitrogen,2,3,NA,12.58333333,NA,NA
3443,PI 587140,A632,2019,Havelock,B2,-N,sb4,spb1,No Nitrogen,2,3,NA,15.2,9.25,21.65
3445,Check,Check,2019,Havelock,B2,-N,sb4,spb1,No Nitrogen,2,3,5.4,13.9,10.23333333,19.4
3447,Ames 27069,CH701-30,2019,Havelock,B2,-N,sb4,spb1,No Nitrogen,2,3,NA,10.025,NA,NA
3449,PI 550461,B14A,2019,Havelock,B2,-N,sb4,spb1,No Nitrogen,2,3,NA,10.4,NA,NA
3451,PI 608765,B77,2019,Havelock,B2,-N,sb4,spb1,No Nitrogen,2,3,4.6,14.86666667,10.7,20.7
3453,PI 686059,IDS28,2019,Havelock,B2,-N,sb4,spb1,No Nitrogen,2,3,NA,10.56,8.22,21.2
3455,Ames 23503,A680,2019,Havelock,B2,-N,sb4,spb1,No Nitrogen,2,3,NA,13.64,18.5,26.06
3457,Ames 28939,Mo44,2019,Havelock,B2,-N,sb4,spb2,No Nitrogen,2,3,NA,14.51666667,NA,NA
3459,Ames 27149,NC306,2019,Havelock,B2,-N,sb4,spb2,No Nitrogen,2,3,5.4,12.46666667,14.16666667,22.2
3461,Check,Check,2019,Havelock,B2,-N,sb4,spb2,No Nitrogen,2,3,NA,14.2,NA,NA
3463,PI 517974,Pa880,2019,Havelock,B2,-N,sb4,spb2,No Nitrogen,2,3,NA,10.33333333,NA,NA
3465,Ames 27178,NC364,2019,Havelock,B2,-N,sb4,spb2,No Nitrogen,2,3,4.3,8.866666667,10.16666667,23.86666667
3467,Ames 27168,NC344,2019,Havelock,B2,-N,sb4,spb2,No Nitrogen,2,3,4,NA,11.83333333,22.23333333
3469,NSL 65873,L317,2019,Havelock,B2,-N,sb4,spb2,No Nitrogen,2,3,NA,12.7,NA,NA
3471,Ames 19328,Va22,2019,Havelock,B2,-N,sb4,spb3,No Nitrogen,2,3,3.8,14.43333333,13.43333333,21.66666667
3473,Ames 27187,R4,2019,Havelock,B2,-N,sb4,spb3,No Nitrogen,2,3,NA,12.8,NA,NA
3475,Ames 31535,38-11Goodman-Buckler,2019,Havelock,B2,-N,sb4,spb3,No Nitrogen,2,3,NA,15.26666667,NA,NA
3477,CIze 44,CI44,2019,Havelock,B2,-N,sb4,spb3,No Nitrogen,2,3,NA,13.2,18,24.46666667
3479,Ames 31534,CI90CGoodman-Buckler,2019,Havelock,B2,-N,sb4,spb3,No Nitrogen,2,3,3.2,NA,10.83333333,21.1
3481,Ames 28367,CI7Goodman-Buckler,2019,Havelock,B2,-N,sb4,spb3,No Nitrogen,2,3,4.6,12.33333333,14.63333333,23.66666667
3483,Check,Check,2019,Havelock,B2,-N,sb4,spb3,No Nitrogen,2,3,4.2,14.16666667,11.4,20.6
3501,Ames 27097,CML323,2019,Havelock,B2,-N,sb3,spb1,No Nitrogen,2,3,4.5,12.56666667,10.06666667,21.6
3503,PI 606329,DE1,2019,Havelock,B2,-N,sb3,spb1,No Nitrogen,2,3,NA,11.15,14.75,27.8
3505,Ames 27120,Il677a,2019,Havelock,B2,-N,sb3,spb1,No Nitrogen,2,3,4.7,12.11666667,11.95,23.45
3507,Ames 22440,CI90C,2019,Havelock,B2,-N,sb3,spb1,No Nitrogen,2,3,NA,13.06666667,12.03333333,23.03333333
3509,PI 587128,H84,2019,Havelock,B2,-N,sb3,spb1,No Nitrogen,2,3,5.8,10.7,16.6,21.73333333
3511,Ames 19319,H95,2019,Havelock,B2,-N,sb3,spb1,No Nitrogen,2,3,3.3,10.8,6.066666667,20.46666667
3513,PI 594048,B105,2019,Havelock,B2,-N,sb3,spb1,No Nitrogen,2,3,4.9,14.48333333,18.23333333,25.36666667
3515,Ames 27158,NC324,2019,Havelock,B2,-N,sb3,spb2,No Nitrogen,2,3,5,12.7,13.5,21.93333333
3517,Ames 27260,Ki44,2019,Havelock,B2,-N,sb3,spb2,No Nitrogen,2,3,NA,9,0.85,14.1
3519,Check,Check,2019,Havelock,B2,-N,sb3,spb2,No Nitrogen,2,3,5,13.28333333,9.866666667,18.53333333
3521,Ames 27175,NC358,2019,Havelock,B2,-N,sb3,spb2,No Nitrogen,2,3,3.6,11.98333333,8.733333333,19.23333333
3523,Ames 27174,NC356,2019,Havelock,B2,-N,sb3,spb2,No Nitrogen,2,3,NA,8.8,5.45,21.15
3525,Check,Check,2019,Havelock,B2,-N,sb3,spb2,No Nitrogen,2,3,5.3,16.1,18.86666667,22.46666667
3527,Ames 12731,NC230,2019,Havelock,B2,-N,sb3,spb2,No Nitrogen,2,3,4.8,9.683333333,10.13333333,22.93333333
3529,NSL 30053,W22,2019,Havelock,B2,-N,sb3,spb3,No Nitrogen,2,3,4.7,11.66666667,14.13333333,22.26666667
3531,Ames 27182,NC372,2019,Havelock,B2,-N,sb3,spb3,No Nitrogen,2,3,3.8,12.65,15.2,26.66666667
3533,PI 573098,Oh603,2019,Havelock,B2,-N,sb3,spb3,No Nitrogen,2,3,5.7,13.38333333,12.06666667,23.36666667
3535,Ames 27194,W401,2019,Havelock,B2,-N,sb3,spb3,No Nitrogen,2,3,NA,13.63333333,15.48333333,21.1
3537,Ames 27176,NC360,2019,Havelock,B2,-N,sb3,spb3,No Nitrogen,2,3,5.1,12.7,10.83333333,21.23333333
3539,Ames 27190,T234,2019,Havelock,B2,-N,sb3,spb3,No Nitrogen,2,3,5,13.7,13.96666667,22.46666667
3541,PI 686066,SG18,2019,Havelock,B2,-N,sb3,spb3,No Nitrogen,2,3,2,13.8,10.1,18.06666667
3543,Ames 26769,B2,2019,Havelock,B2,-N,sb4,spb1,No Nitrogen,2,3,NA,NA,NA,NA
3545,Ames 27114,H91,2019,Havelock,B2,-N,sb4,spb1,No Nitrogen,2,3,NA,21.25,28.45,25.4
3547,Ames 27066,B164,2019,Havelock,B2,-N,sb4,spb1,No Nitrogen,2,3,4,15.96666667,13.86666667,21.46666667
3549,PI 550473,B73,2019,Havelock,B2,-N,sb4,spb1,No Nitrogen,2,3,3.6,12.26666667,13.53333333,25
3551,Check,Check,2019,Havelock,B2,-N,sb4,spb1,No Nitrogen,2,3,5.8,13.88333333,14.26666667,21.7
3553,Check,Check,2019,Havelock,B2,-N,sb4,spb1,No Nitrogen,2,3,4.9,14.23333333,11,19.86666667
3555,PI 587142,A679,2019,Havelock,B2,-N,sb4,spb1,No Nitrogen,2,3,4.3,11.68333333,11.63333333,22.33333333
3557,Ames 27167,NC342,2019,Havelock,B2,-N,sb4,spb2,No Nitrogen,2,3,NA,14.43333333,33.96666667,27.33333333
3559,PI 558532,Mo17,2019,Havelock,B2,-N,sb4,spb2,No Nitrogen,2,3,5.5,14.1,10.8,18.5
3561,Ames 27177,NC362,2019,Havelock,B2,-N,sb4,spb2,No Nitrogen,2,3,NA,13.03333333,NA,NA
3563,Ames 27160,NC328,2019,Havelock,B2,-N,sb4,spb2,No Nitrogen,2,3,4.3,12.76666667,15.33333333,24.2
3565,Ames 27151,NC310,2019,Havelock,B2,-N,sb4,spb2,No Nitrogen,2,3,NA,11.375,13.6,26.125
3567,PI 583350,Mo45,2019,Havelock,B2,-N,sb4,spb2,No Nitrogen,2,3,3.6,16.83333333,15.7,23.33333333
3569,Ames 27140,NC260,2019,Havelock,B2,-N,sb4,spb2,No Nitrogen,2,3,NA,NA,NA,NA
3571,Ames 19293,Wf9,2019,Havelock,B2,-N,sb4,spb3,No Nitrogen,2,3,NA,14.6,20.32,25.58
3573,PI 606768,SD40,2019,Havelock,B2,-N,sb4,spb3,No Nitrogen,2,3,5.7,15.06,11.5,20
3575,PI 587125,CO109,2019,Havelock,B2,-N,sb4,spb3,No Nitrogen,2,3,NA,11.32,7.54,20.22
3577,Ames 26771,33-16,2019,Havelock,B2,-N,sb4,spb3,No Nitrogen,2,3,5,12.2,11.1,21.26666667
3579,Ames 31536,A214NGoodman-Buckler,2019,Havelock,B2,-N,sb4,spb3,No Nitrogen,2,3,6,14.53333333,12.33333333,18.63333333
3581,PI 592734,R229,2019,Havelock,B2,-N,sb4,spb3,No Nitrogen,2,3,3.8,12.33333333,17.63333333,25.2
3583,Ames 27193,Va85,2019,Havelock,B2,-N,sb4,spb3,No Nitrogen,2,3,NA,14.38333333,11.96666667,20.85
4001,PI 550467,B37,2019,Havelock,B2,+N,sb1,spb1,Nitrogen,2,4,5.4,11.65,16.53333333,23
4003,PI 550461,B14A,2019,Havelock,B2,+N,sb1,spb1,Nitrogen,2,4,NA,16.8,24.06666667,25.15
4005,NSL 30904,4226,2019,Havelock,B2,+N,sb1,spb1,Nitrogen,2,4,4.4,14.18333333,19.4,24.26666667
4007,PI 564682,B97,2019,Havelock,B2,+N,sb1,spb1,Nitrogen,2,4,6.6,10.96666667,13.5,22.06666667
4009,PI 550473,B73,2019,Havelock,B2,+N,sb1,spb1,Nitrogen,2,4,NA,12.74285714,18.92857143,26.85
4011,PI 587142,A679,2019,Havelock,B2,+N,sb1,spb1,Nitrogen,2,4,4.2,13.88333333,15.63333333,22.63333333
4013,Check,Check,2019,Havelock,B2,+N,sb1,spb1,Nitrogen,2,4,5.8,18.33333333,17.33333333,21.53333333
4015,Ames 27177,NC362,2019,Havelock,B2,+N,sb1,spb2,Nitrogen,2,4,3.5,11.54285714,8.066666667,20.11666667
4017,Ames 27167,NC342,2019,Havelock,B2,+N,sb1,spb2,Nitrogen,2,4,5.2,12.38333333,12.63333333,23.36666667
4019,Ames 27178,NC364,2019,Havelock,B2,+N,sb1,spb2,Nitrogen,2,4,4.4,11.28333333,14.66666667,24.93333333
4021,Ames 27143,NC294,2019,Havelock,B2,+N,sb1,spb2,Nitrogen,2,4,4.3,11.86666667,11.06666667,22.06666667
4023,Check,Check,2019,Havelock,B2,+N,sb1,spb2,Nitrogen,2,4,6.3,19.1,17.7,21.5
4025,Ames 27140,NC260,2019,Havelock,B2,+N,sb1,spb2,Nitrogen,2,4,NA,NA,NA,NA
4027,Ames 27160,NC328,2019,Havelock,B2,+N,sb1,spb2,Nitrogen,2,4,4.4,13.7,18.36666667,26.7
4029,Ames 19328,Va22,2019,Havelock,B2,+N,sb1,spb3,Nitrogen,2,4,3.9,16.98333333,16.6,22.03333333
4031,Ames 19293,Wf9,2019,Havelock,B2,+N,sb1,spb3,Nitrogen,2,4,4.4,10.66666667,10.76666667,20.93333333
4033,Ames 31534,CI90CGoodman-Buckler,2019,Havelock,B2,+N,sb1,spb3,Nitrogen,2,4,3.2,11.38333333,12.7,21.03333333
4035,Ames 27196,Yu796_NS,2019,Havelock,B2,+N,sb1,spb3,Nitrogen,2,4,4.3,10.28333333,9.233333333,19.36666667
4037,PI 550518,T8,2019,Havelock,B2,+N,sb1,spb3,Nitrogen,2,4,NA,12.98333333,9.433333333,18.4
4039,Ames 26771,33-16,2019,Havelock,B2,+N,sb1,spb3,Nitrogen,2,4,NA,13.61666667,14.31666667,24.76666667
4041,PI 587149,Va26,2019,Havelock,B2,+N,sb1,spb3,Nitrogen,2,4,NA,13.65,NA,NA
4043,Ames 27097,CML323,2019,Havelock,B2,+N,sb2,spb1,Nitrogen,2,4,3.4,13.66666667,6.233333333,24.16666667
4045,Ames 19319,H95,2019,Havelock,B2,+N,sb2,spb1,Nitrogen,2,4,NA,13.8,NA,NA
4047,PI 608766,B79,2019,Havelock,B2,+N,sb2,spb1,Nitrogen,2,4,5.5,9.866666667,13.86666667,22.06666667
4049,PI 606329,DE1,2019,Havelock,B2,+N,sb2,spb1,Nitrogen,2,4,NA,12.5,NA,NA
4051,Ames 27112,F2834T,2019,Havelock,B2,+N,sb2,spb1,Nitrogen,2,4,NA,11.98333333,9.533333333,19.46666667
4053,Ames 19309,A635,2019,Havelock,B2,+N,sb2,spb1,Nitrogen,2,4,NA,13.73333333,11.93333333,20.28333333
4055,PI 594048,B105,2019,Havelock,B2,+N,sb2,spb1,Nitrogen,2,4,4.7,16.61666667,18.06666667,22.43333333
4057,Ames 27138,N28Ht,2019,Havelock,B2,+N,sb2,spb2,Nitrogen,2,4,NA,11.5,13.94,23.94
4059,Ames 27158,NC324,2019,Havelock,B2,+N,sb2,spb2,Nitrogen,2,4,5.4,10.88571429,10.725,21.45
4061,PI 520774,NC264,2019,Havelock,B2,+N,sb2,spb2,Nitrogen,2,4,NA,11.45,NA,NA
4063,Ames 27175,NC358,2019,Havelock,B2,+N,sb2,spb2,Nitrogen,2,4,NA,11.75,NA,NA
4065,Check,Check,2019,Havelock,B2,+N,sb2,spb2,Nitrogen,2,4,NA,17.56666667,NA,NA
4067,PI 583351,Mo46,2019,Havelock,B2,+N,sb2,spb2,Nitrogen,2,4,NA,9.55,14.2,26.13333333
4069,Ames 27141,NC290A,2019,Havelock,B2,+N,sb2,spb2,Nitrogen,2,4,NA,12.08333333,NA,NA
4071,Ames 27190,T234,2019,Havelock,B2,+N,sb2,spb3,Nitrogen,2,4,NA,12.55,NA,NA
4073,Ames 8399,W117HT,2019,Havelock,B2,+N,sb2,spb3,Nitrogen,2,4,NA,8.55,3.975,21.975
4075,PI 587151,Va102,2019,Havelock,B2,+N,sb2,spb3,Nitrogen,2,4,NA,14.26666667,NA,NA
4077,PI 686066,SG18,2019,Havelock,B2,+N,sb2,spb3,Nitrogen,2,4,2.3,11.9,9.425,17.775
4079,Ames 19000,VaW6,2019,Havelock,B2,+N,sb2,spb3,Nitrogen,2,4,NA,19.26666667,16.33333333,22.73333333
4081,PI 573098,Oh603,2019,Havelock,B2,+N,sb2,spb3,Nitrogen,2,4,NA,13.2,NA,NA
4083,PI 587150,Va35,2019,Havelock,B2,+N,sb2,spb3,Nitrogen,2,4,NA,11.46666667,NA,NA
4101,PI 608765,B77,2019,Havelock,B2,+N,sb1,spb1,Nitrogen,2,4,NA,9.975,9.683333333,21.9
4103,Ames 23503,A680,2019,Havelock,B2,+N,sb1,spb1,Nitrogen,2,4,4.8,14.03333333,16.5,23.33333333
4105,Check,Check,2019,Havelock,B2,+N,sb1,spb1,Nitrogen,2,4,6.6,18.9,18.56666667,21.33333333
4107,PI 686059,IDS28,2019,Havelock,B2,+N,sb1,spb1,Nitrogen,2,4,NA,8.975,3.725,19.225
4109,PI 550469,B46,2019,Havelock,B2,+N,sb1,spb1,Nitrogen,2,4,5.9,17.78333333,30.33333333,23.06666667
4111,Ames 27114,H91,2019,Havelock,B2,+N,sb1,spb1,Nitrogen,2,4,NA,16.22,14.96,22.34
4113,PI 597927,B109,2019,Havelock,B2,+N,sb1,spb1,Nitrogen,2,4,5.8,14.88333333,19.46666667,23.3
4115,Ames 27151,NC310,2019,Havelock,B2,+N,sb1,spb2,Nitrogen,2,4,NA,13.26666667,17.13333333,28.45
4117,NSL 30894,R177,2019,Havelock,B2,+N,sb1,spb2,Nitrogen,2,4,5.3,14.01666667,20.33333333,22.2
4119,Ames 27118,Il14H,2019,Havelock,B2,+N,sb1,spb2,Nitrogen,2,4,NA,10.03333333,7.3,22.03333333
4121,NSL 65873,L317,2019,Havelock,B2,+N,sb1,spb2,Nitrogen,2,4,NA,15.17142857,18.6,23.06666667
4123,Ames 27149,NC306,2019,Havelock,B2,+N,sb1,spb2,Nitrogen,2,4,5.3,13.18333333,14.73333333,22.83333333
4125,NSL 65874,Os420,2019,Havelock,B2,+N,sb1,spb2,Nitrogen,2,4,4.9,12,20.8,27.3
4127,PI 583350,Mo45,2019,Havelock,B2,+N,sb1,spb2,Nitrogen,2,4,3.3,17.31666667,16.63333333,22.43333333
4129,Ames 27187,R4,2019,Havelock,B2,+N,sb1,spb3,Nitrogen,2,4,NA,14.08333333,13.63333333,23.2
4131,PI 606768,SD40,2019,Havelock,B2,+N,sb1,spb3,Nitrogen,2,4,4.9,11.5,6.833333333,22.33333333
4133,Check,Check,2019,Havelock,B2,+N,sb1,spb3,Nitrogen,2,4,6.1,18.33333333,17.4,19.4
4135,PI 592734,R229,2019,Havelock,B2,+N,sb1,spb3,Nitrogen,2,4,NA,11.33333333,15.75,24.45
4137,PI 587125,CO109,2019,Havelock,B2,+N,sb1,spb3,Nitrogen,2,4,NA,11.66,9.76,21.16
4139,Ames 28290,C49,2019,Havelock,B2,+N,sb1,spb3,Nitrogen,2,4,NA,10.4,8.5,25.15
4141,Ames 27193,Va85,2019,Havelock,B2,+N,sb1,spb3,Nitrogen,2,4,5.9,17.81666667,23.2,21.83333333
4143,Ames 26138,CI187-2,2019,Havelock,B2,+N,sb2,spb1,Nitrogen,2,4,NA,16.85,NA,NA
4145,Ames 27087,CML220,2019,Havelock,B2,+N,sb2,spb1,Nitrogen,2,4,6.9,12.13333333,15.86666667,26.4
4147,Ames 27083,CML154Q,2019,Havelock,B2,+N,sb2,spb1,Nitrogen,2,4,4.7,16.45,32.36666667,29.9
4149,Ames 19284,C103,2019,Havelock,B2,+N,sb2,spb1,Nitrogen,2,4,5.6,18.63333333,23.33333333,24.9
4151,Ames 22754,K55,2019,Havelock,B2,+N,sb2,spb1,Nitrogen,2,4,5,14.18333333,28.9,31.3
4153,PI 587131,HP301,2019,Havelock,B2,+N,sb2,spb1,Nitrogen,2,4,NA,12.64,8.65,19.7
4155,Check,Check,2019,Havelock,B2,+N,sb2,spb1,Nitrogen,2,4,6.7,18.8,26.9,21.8
4157,Ames 27172,NC352,2019,Havelock,B2,+N,sb2,spb2,Nitrogen,2,4,6.7,14.55,8.766666667,21.66666667
4159,Ames 27137,N6,2019,Havelock,B2,+N,sb2,spb2,Nitrogen,2,4,NA,13.05,16.18333333,27.56666667
4161,Ames 12732,NC232,2019,Havelock,B2,+N,sb2,spb2,Nitrogen,2,4,NA,12.56666667,22.78333333,32.31666667
4163,Ames 27260,Ki44,2019,Havelock,B2,+N,sb2,spb2,Nitrogen,2,4,NA,10.44,6.04,19.46
4165,Ames 27174,NC356,2019,Havelock,B2,+N,sb2,spb2,Nitrogen,2,4,NA,9.44,5.36,21.3
4167,Ames 27261,NC298,2019,Havelock,B2,+N,sb2,spb2,Nitrogen,2,4,6.6,19.26666667,13.63333333,19.56666667
4169,Ames 27164,NC336,2019,Havelock,B2,+N,sb2,spb2,Nitrogen,2,4,NA,13.7,10.35,23.025
4171,Ames 27176,NC360,2019,Havelock,B2,+N,sb2,spb3,Nitrogen,2,4,5,14.15,15.8,22.83333333
4173,Ames 27182,NC372,2019,Havelock,B2,+N,sb2,spb3,Nitrogen,2,4,4.4,15.38333333,26.76666667,26.63333333
4175,Check,Check,2019,Havelock,B2,+N,sb2,spb3,Nitrogen,2,4,5.9,19.3,18.53333333,20.06666667
4177,PI 686065,SA24,2019,Havelock,B2,+N,sb2,spb3,Nitrogen,2,4,NA,16.06,11.84,18.74
4179,PI 587152,W64A,2019,Havelock,B2,+N,sb2,spb3,Nitrogen,2,4,4.1,12.63333333,19.13333333,26.2
4181,Ames 27194,W401,2019,Havelock,B2,+N,sb2,spb3,Nitrogen,2,4,NA,12.16,10.58,21.56
4183,Ames 27183,Oh43E,2019,Havelock,B2,+N,sb2,spb3,Nitrogen,2,4,5.9,20.35,23.2,21.56666667
4201,Ames 27065,B73Htrhm,2019,Havelock,B2,+N,sb1,spb1,Nitrogen,2,4,NA,10.8,11.56666667,25.46666667
4203,Ames 27069,CH701-30,2019,Havelock,B2,+N,sb1,spb1,Nitrogen,2,4,5.3,13.81666667,11.53333333,18.06666667
4205,PI 608767,B84,2019,Havelock,B2,+N,sb1,spb1,Nitrogen,2,4,NA,11.18333333,18.03333333,24.55
4207,Check,Check,2019,Havelock,B2,+N,sb1,spb1,Nitrogen,2,4,NA,18.16666667,NA,NA
4209,Ames 27066,B164,2019,Havelock,B2,+N,sb1,spb1,Nitrogen,2,4,NA,14.71666667,13.5,22.85
4211,Ames 26769,B2,2019,Havelock,B2,+N,sb1,spb1,Nitrogen,2,4,NA,10.63333333,15,20.53333333
4213,PI 587140,A632,2019,Havelock,B2,+N,sb1,spb1,Nitrogen,2,4,NA,13.33333333,13.56666667,23.51666667
4215,PI 517974,Pa880,2019,Havelock,B2,+N,sb1,spb2,Nitrogen,2,4,NA,12.78333333,22.66666667,26.46666667
4217,NSL 28966,Oh40B,2019,Havelock,B2,+N,sb1,spb2,Nitrogen,2,4,5.3,17.71666667,20.7,22.26666667
4219,Ames 28939,Mo44,2019,Havelock,B2,+N,sb1,spb2,Nitrogen,2,4,5.4,16.36666667,20.4,22.3
4221,Ames 27180,NC368,2019,Havelock,B2,+N,sb1,spb2,Nitrogen,2,4,6.9,10.76666667,16.9,24.8
4223,Ames 27159,NC326,2019,Havelock,B2,+N,sb1,spb2,Nitrogen,2,4,3.8,14.23333333,20,28.6
4225,PI 558532,Mo17,2019,Havelock,B2,+N,sb1,spb2,Nitrogen,2,4,7.1,18.23333333,15.86666667,20.26666667
4227,Ames 27168,NC344,2019,Havelock,B2,+N,sb1,spb2,Nitrogen,2,4,4.6,14.06666667,20,23.43333333
4229,Ames 31536,A214NGoodman-Buckler,2019,Havelock,B2,+N,sb1,spb3,Nitrogen,2,4,7.2,18.83333333,24.5,21.96666667
4231,CIze 44,CI44,2019,Havelock,B2,+N,sb1,spb3,Nitrogen,2,4,NA,9.666666667,10.41666667,22
4233,Ames 28367,CI7Goodman-Buckler,2019,Havelock,B2,+N,sb1,spb3,Nitrogen,2,4,5.5,13.08333333,16.33333333,22.23333333
4235,PI 587132,Sg1533,2019,Havelock,B2,+N,sb1,spb3,Nitrogen,2,4,NA,10.55,7.6,19.23333333
4237,Ames 24989,Va99,2019,Havelock,B2,+N,sb1,spb3,Nitrogen,2,4,4.7,13.98,13.1,21.86666667
4239,Check,Check,2019,Havelock,B2,+N,sb1,spb3,Nitrogen,2,4,4.9,18.68333333,18.46666667,20.16666667
4241,Ames 31535,38-11Goodman-Buckler,2019,Havelock,B2,+N,sb1,spb3,Nitrogen,2,4,4.5,14.26666667,13.93333333,23.46666667
4243,PI 550472,B57,2019,Havelock,B2,+N,sb2,spb1,Nitrogen,2,4,5.7,12.08333333,20.36666667,24.6
4245,Check,Check,2019,Havelock,B2,+N,sb2,spb1,Nitrogen,2,4,6.6,19.66666667,23.33333333,21.7
4247,Ames 22440,CI90C,2019,Havelock,B2,+N,sb2,spb1,Nitrogen,2,4,NA,11.2,6.95,19.725
4249,Ames 21512,CI31A,2019,Havelock,B2,+N,sb2,spb1,Nitrogen,2,4,NA,13.28571429,NA,NA
4251,PI 594047,B104,2019,Havelock,B2,+N,sb2,spb1,Nitrogen,2,4,NA,14.02857143,NA,NA
4253,PI 587128,H84,2019,Havelock,B2,+N,sb2,spb1,Nitrogen,2,4,NA,12.71666667,NA,NA
4255,Check,Check,2019,Havelock,B2,+N,sb2,spb1,Nitrogen,2,4,NA,18.16666667,NA,NA
4257,Ames 28366,N7A,2019,Havelock,B2,+N,sb2,spb2,Nitrogen,2,4,NA,12.76,15.32,23.6
4259,PI 550555,NC250,2019,Havelock,B2,+N,sb2,spb2,Nitrogen,2,4,NA,11.9,NA,NA
4261,PI 543916,Mp339,2019,Havelock,B2,+N,sb2,spb2,Nitrogen,2,4,NA,13.7,NA,NA
4263,Ames 27124,Ki11,2019,Havelock,B2,+N,sb2,spb2,Nitrogen,2,4,NA,14.83333333,30.48333333,29.9
4265,Ames 12731,NC230,2019,Havelock,B2,+N,sb2,spb2,Nitrogen,2,4,NA,11.76666667,NA,NA
4267,Check,Check,2019,Havelock,B2,+N,sb2,spb2,Nitrogen,2,4,6.6,19.45,22.2,20.4
4269,Ames 27147,NC302,2019,Havelock,B2,+N,sb2,spb2,Nitrogen,2,4,4.4,11.16666667,6.033333333,18.9
4271,NSL 53094,SC357,2019,Havelock,B2,+N,sb2,spb3,Nitrogen,2,4,NA,11.35,15.25,20.61666667
4273,Check,Check,2019,Havelock,B2,+N,sb2,spb3,Nitrogen,2,4,6.1,18.15,15.73333333,19.9
4275,Ames 27184,Pa762,2019,Havelock,B2,+N,sb2,spb3,Nitrogen,2,4,5.5,11.73333333,10.9,23.4
4277,Ames 27185,Pa875,2019,Havelock,B2,+N,sb2,spb3,Nitrogen,2,4,NA,12.13333333,10.91666667,23.31666667
4279,Ames 27181,NC370,2019,Havelock,B2,+N,sb2,spb3,Nitrogen,2,4,4.8,11.51666667,8.9,18.9
4281,NSL 30053,W22,2019,Havelock,B2,+N,sb2,spb3,Nitrogen,2,4,NA,12.65,14.8,24.41666667
4283,Ames 19323,Oh7B,2019,Havelock,B2,+N,sb2,spb3,Nitrogen,2,4,NA,14.73333333,NA,NA
4301,Check,Check,2019,Havelock,B2,+N,sb3,spb1,Nitrogen,2,4,4.5,15.26666667,11.16666667,18.63333333
4303,Check,Check,2019,Havelock,B2,+N,sb3,spb1,Nitrogen,2,4,4.6,18.28333333,15.1,20.16666667
4305,Ames 26604,38-11,2019,Havelock,B2,+N,sb3,spb1,Nitrogen,2,4,4.5,12.5,10.1,20.1
4307,Check,Check,2019,Havelock,B2,+N,sb3,spb1,Nitrogen,2,4,6.4,17.625,14.55,20.55
4309,Ames 27081,CML103,2019,Havelock,B2,+N,sb3,spb1,Nitrogen,2,4,7.3,18.96666667,33.83333333,25.43333333
4311,Ames 27085,CML158Q,2019,Havelock,B2,+N,sb3,spb1,Nitrogen,2,4,NA,13.01666667,21.35,28.38333333
4313,PI 550465,B68,2019,Havelock,B2,+N,sb3,spb1,Nitrogen,2,4,4.4,17.85,19.2,22.63333333
4315,Ames 27133,M37W,2019,Havelock,B2,+N,sb3,spb2,Nitrogen,2,4,5.5,14.82857143,16.525,24.3
4317,Check,Check,2019,Havelock,B2,+N,sb3,spb2,Nitrogen,2,4,NA,19.56,18.3,22.22
4319,Ames 10248,GA209,2019,Havelock,B2,+N,sb3,spb2,Nitrogen,2,4,5.2,10.91666667,4.766666667,18.93333333
4321,PI 587144,Mo24W,2019,Havelock,B2,+N,sb3,spb2,Nitrogen,2,4,NA,17.84,32.46,31.26
4323,Ames 12729,NC222,2019,Havelock,B2,+N,sb3,spb2,Nitrogen,2,4,NA,7.666666667,NA,NA
4325,Ames 27155,NC318,2019,Havelock,B2,+N,sb3,spb2,Nitrogen,2,4,4.1,12.23333333,8.933333333,17.16666667
4327,Check,Check,2019,Havelock,B2,+N,sb3,spb2,Nitrogen,2,4,5.8,18.85,19.1,21.93333333
4329,PI 506247,Tzi9,2019,Havelock,B2,+N,sb3,spb3,Nitrogen,2,4,4.7,15.21666667,15.86666667,22.33333333
4331,Ames 27189,SC55,2019,Havelock,B2,+N,sb3,spb3,Nitrogen,2,4,4.1,9.5875,8.9,24.05
4333,Check,Check,2019,Havelock,B2,+N,sb3,spb3,Nitrogen,2,4,6.2,18.85,19.6,21.63333333
4335,PI 257506,F2,2019,Havelock,B2,+N,sb3,spb3,Nitrogen,2,4,NA,12.5,4.12,21.7
4337,Ames 22748,H100,2019,Havelock,B2,+N,sb3,spb3,Nitrogen,2,4,NA,12.43333333,12.41666667,24.13333333
4339,PI 506255,Tzi25,2019,Havelock,B2,+N,sb3,spb3,Nitrogen,2,4,5.2,13.61666667,13.56666667,20.13333333
4341,Ames 27129,KUI2021,2019,Havelock,B2,+N,sb3,spb3,Nitrogen,2,4,NA,13.46666667,18.48333333,28.83333333
4343,Ames 23405,A239,2019,Havelock,B2,+N,sb4,spb1,Nitrogen,2,4,7,13.16666667,17.8,22.63333333
4345,PI 587141,A654,2019,Havelock,B2,+N,sb4,spb1,Nitrogen,2,4,NA,13.37142857,20.11428571,23.61666667
4347,Ames 22443,A188,2019,Havelock,B2,+N,sb4,spb1,Nitrogen,2,4,NA,10.52857143,NA,NA
4349,PI 587139,A619,2019,Havelock,B2,+N,sb4,spb1,Nitrogen,2,4,NA,NA,NA,NA
4351,PI 608774,B75,2019,Havelock,B2,+N,sb4,spb1,Nitrogen,2,4,5.9,12.33333333,17.33333333,23.73333333
4353,Ames 27068,CH9,2019,Havelock,B2,+N,sb4,spb1,Nitrogen,2,4,6.2,NA,15.85,26.675
4355,PI 587143,A682,2019,Havelock,B2,+N,sb4,spb1,Nitrogen,2,4,6.1,16.48571429,12.625,20.425
4357,PI 686057,I29,2019,Havelock,B2,+N,sb4,spb2,Nitrogen,2,4,NA,9.7,NA,NA
4359,Ames 27104,CMV3,2019,Havelock,B2,+N,sb4,spb2,Nitrogen,2,4,3.5,11.88333333,8.433333333,22.66666667
4361,Ames 27106,CO125,2019,Havelock,B2,+N,sb4,spb2,Nitrogen,2,4,NA,9.842857143,11.64285714,21.4
4363,PI 587127,H105W,2019,Havelock,B2,+N,sb4,spb2,Nitrogen,2,4,NA,13.06666667,18.6,31.46666667
4365,Ames 24752,MS1334,2019,Havelock,B2,+N,sb4,spb2,Nitrogen,2,4,3.1,14.73333333,14.2,20.23333333
4367,PI 686063,IDS91,2019,Havelock,B2,+N,sb4,spb2,Nitrogen,2,4,2.5,12.18333333,8.433333333,17.53333333
4369,NSL 30867,M14,2019,Havelock,B2,+N,sb4,spb2,Nitrogen,2,4,4.9,16.02857143,14.95,22.925
4371,Ames 19326,R168,2019,Havelock,B2,+N,sb4,spb3,Nitrogen,2,4,2.1,11.46666667,7.766666667,18.26666667
4373,Ames 27150,NC308,2019,Havelock,B2,+N,sb4,spb3,Nitrogen,2,4,6.1,13.24285714,17.6,22.8
4375,PI 550490,ND246,2019,Havelock,B2,+N,sb4,spb3,Nitrogen,2,4,2.9,12.81428571,12.36666667,19.3
4377,Ames 28186,P39,2019,Havelock,B2,+N,sb4,spb3,Nitrogen,2,4,NA,NA,NA,NA
4379,Ames 19330,W182B,2019,Havelock,B2,+N,sb4,spb3,Nitrogen,2,4,3.3,14.75,10.66666667,19.1
4381,Ames 27162,NC332,2019,Havelock,B2,+N,sb4,spb3,Nitrogen,2,4,NA,12.95,17.58333333,26.3
4383,PI 587154,W153R,2019,Havelock,B2,+N,sb4,spb3,Nitrogen,2,4,NA,12.6,10.38,22.36
4401,Check,Check,2019,Havelock,B2,+N,sb3,spb1,Nitrogen,2,4,5.3,14.25714286,9.7,19.55
4403,Check,Check,2019,Havelock,B2,+N,sb3,spb1,Nitrogen,2,4,4.8,15.35,9.3,19.86666667
4405,Ames 27101,CML333,2019,Havelock,B2,+N,sb3,spb1,Nitrogen,2,4,NA,6.65,1.466666667,17.4
4407,Check,Check,2019,Havelock,B2,+N,sb3,spb1,Nitrogen,2,4,6.3,17.35,18.03333333,20.56666667
4409,Check,Check,2019,Havelock,B2,+N,sb3,spb1,Nitrogen,2,4,5.4,17.38333333,13.13333333,21.26666667
4411,Ames 27086,CML218,2019,Havelock,B2,+N,sb3,spb1,Nitrogen,2,4,4.9,11.81666667,14.96666667,22.83333333
4413,Check,Check,2019,Havelock,B2,+N,sb3,spb1,Nitrogen,2,4,5.8,19.1,15.9,21.53333333
4415,Ames 27169,NC346,2019,Havelock,B2,+N,sb3,spb2,Nitrogen,2,4,6.1,10.7,6.533333333,19.3
4417,Ames 28184,CML69,2019,Havelock,B2,+N,sb3,spb2,Nitrogen,2,4,5.1,17.38333333,14.46666667,18.83333333
4419,Ames 27110,E2558W,2019,Havelock,B2,+N,sb3,spb2,Nitrogen,2,4,NA,11.2,NA,NA
4421,Ames 27165,NC338,2019,Havelock,B2,+N,sb3,spb2,Nitrogen,2,4,5.8,14.7,16.43333333,24.9
4423,NSL 30038,K4,2019,Havelock,B2,+N,sb3,spb2,Nitrogen,2,4,3.9,14.03333333,11.56666667,18.93333333
4425,NSL 22893,F44,2019,Havelock,B2,+N,sb3,spb2,Nitrogen,2,4,NA,10.05,8.283333333,19.31666667
4427,Ames 27166,NC340,2019,Havelock,B2,+N,sb3,spb2,Nitrogen,2,4,7.2,15.88333333,17.8,24.4
4429,PI 558520,Mo1W,2019,Havelock,B2,+N,sb3,spb3,Nitrogen,2,4,3.8,10.47142857,13.76666667,23.5
4431,Ames 26808,Ill.Hy,2019,Havelock,B2,+N,sb3,spb3,Nitrogen,2,4,6.7,12.11666667,17.3,28.76666667
4433,Check,Check,2019,Havelock,B2,+N,sb3,spb3,Nitrogen,2,4,6,17.8,16.23333333,20.1
4435,Ames 27131,Ky226,2019,Havelock,B2,+N,sb3,spb3,Nitrogen,2,4,4.6,10.15,14.7,22.83333333
4437,Ames 27179,NC366,2019,Havelock,B2,+N,sb3,spb3,Nitrogen,2,4,5.8,12.41666667,12.13333333,21.06666667
4439,PI 606330,DE2,2019,Havelock,B2,+N,sb3,spb3,Nitrogen,2,4,6.1,10.74285714,14.5,25.775
4441,PI 506253,Tzi18,2019,Havelock,B2,+N,sb3,spb3,Nitrogen,2,4,5,13.88333333,24.36666667,28.53333333
4443,PI 587124,CM105,2019,Havelock,B2,+N,sb4,spb1,Nitrogen,2,4,4.6,14.3875,22.83333333,26.73333333
4445,PI 550440,B64,2019,Havelock,B2,+N,sb4,spb1,Nitrogen,2,4,4.1,14.05714286,18.3,19.26666667
4447,PI 594046,B103,2019,Havelock,B2,+N,sb4,spb1,Nitrogen,2,4,5,14.7,13.33333333,22.4
4449,Ames 27067,C49A,2019,Havelock,B2,+N,sb4,spb1,Nitrogen,2,4,NA,9.833333333,8.2,25.5
4451,Check,Check,2019,Havelock,B2,+N,sb4,spb1,Nitrogen,2,4,6.4,18.76666667,19.16666667,21.06666667
4453,PI 607521,A661,2019,Havelock,B2,+N,sb4,spb1,Nitrogen,2,4,4.4,10.25,13.56666667,19.96666667
4455,Ames 19313,C123,2019,Havelock,B2,+N,sb4,spb1,Nitrogen,2,4,NA,NA,NA,NA
4457,Ames 24734,MS153,2019,Havelock,B2,+N,sb4,spb2,Nitrogen,2,4,5.8,11.375,14.25,25.525
4459,Check,Check,2019,Havelock,B2,+N,sb4,spb2,Nitrogen,2,4,6.8,19.18333333,23.63333333,21.5
4461,Ames 20190,CM37,2019,Havelock,B2,+N,sb4,spb2,Nitrogen,2,4,4.2,8.425,6,21.53333333
4463,PI 583352,Mo47,2019,Havelock,B2,+N,sb4,spb2,Nitrogen,2,4,4,12.1,13.7,23.03333333
4465,Ames 27135,MEF156-55-2,2019,Havelock,B2,+N,sb4,spb2,Nitrogen,2,4,NA,13.25,NA,NA
4467,Ames 27105,CO106,2019,Havelock,B2,+N,sb4,spb2,Nitrogen,2,4,NA,12.63333333,16.36666667,25.2
4469,Ames 28364,IA2132,2019,Havelock,B2,+N,sb4,spb2,Nitrogen,2,4,3.9,11.91428571,9.45,23.9
4471,Ames 19288,Oh43,2019,Havelock,B2,+N,sb4,spb3,Nitrogen,2,4,3.9,16.0625,13.75,24.6
4473,Check,Check,2019,Havelock,B2,+N,sb4,spb3,Nitrogen,2,4,6.8,16.11666667,17.6,19.33333333
4475,Ames 27161,NC330,2019,Havelock,B2,+N,sb4,spb3,Nitrogen,2,4,3.9,15.85,28.45,24.25
4477,Ames 27163,NC334,2019,Havelock,B2,+N,sb4,spb3,Nitrogen,2,4,4.1,12.86666667,9.833333333,18.6
4479,PI 587145,NC268,2019,Havelock,B2,+N,sb4,spb3,Nitrogen,2,4,NA,11.76666667,12.45,21.3
4481,Ames 27154,NC316,2019,Havelock,B2,+N,sb4,spb3,Nitrogen,2,4,3.8,16.1,13.28,20.04
4483,Ames 19016,Va59,2019,Havelock,B2,+N,sb4,spb3,Nitrogen,2,4,NA,15.96,13.44,21.66
4501,Check,Check,2019,Havelock,B2,+N,sb3,spb1,Nitrogen,2,4,5.5,16.68333333,11.8,18.83333333
4503,Ames 27095,CML321,2019,Havelock,B2,+N,sb3,spb1,Nitrogen,2,4,NA,14.35,NA,NA
4505,Check,Check,2019,Havelock,B2,+N,sb3,spb1,Nitrogen,2,4,NA,17.8,NA,NA
4507,PI 406112,A214N,2019,Havelock,B2,+N,sb3,spb1,Nitrogen,2,4,NA,15.48333333,NA,NA
4509,Check,Check,2019,Havelock,B2,+N,sb3,spb1,Nitrogen,2,4,NA,17.36666667,NA,NA
4511,Ames 27096,CML322,2019,Havelock,B2,+N,sb3,spb1,Nitrogen,2,4,3,14.27142857,14.6,18.6
4513,PI 587130,4722,2019,Havelock,B2,+N,sb3,spb1,Nitrogen,2,4,3.5,10.65,9.766666667,21.2
4515,Ames 27144,NC296,2019,Havelock,B2,+N,sb3,spb2,Nitrogen,2,4,NA,11.16666667,6.183333333,20.65
4517,Check,Check,2019,Havelock,B2,+N,sb3,spb2,Nitrogen,2,4,NA,19.31666667,NA,NA
4519,Ames 27121,K64,2019,Havelock,B2,+N,sb3,spb2,Nitrogen,2,4,NA,11.2,14.8,25.64
4521,PI 531084,NC258,2019,Havelock,B2,+N,sb3,spb2,Nitrogen,2,4,5.1,12.85,18.76666667,24.1
4523,Ames 27134,M162W,2019,Havelock,B2,+N,sb3,spb2,Nitrogen,2,4,NA,13.02857143,NA,NA
4525,PI 550558,DE811,2019,Havelock,B2,+N,sb3,spb2,Nitrogen,2,4,NA,10.63333333,8.833333333,23.4
4527,Ames 27156,NC320,2019,Havelock,B2,+N,sb3,spb2,Nitrogen,2,4,NA,12.2,NA,NA
4529,PI 506246,Tzi8,2019,Havelock,B2,+N,sb3,spb3,Nitrogen,2,4,NA,9.783333333,9.266666667,20.15
4531,PI 540745,Tzi11,2019,Havelock,B2,+N,sb3,spb3,Nitrogen,2,4,NA,11.175,8.375,20.15
4533,PI 587147,Pa91,2019,Havelock,B2,+N,sb3,spb3,Nitrogen,2,4,NA,12.8,NA,NA
4535,Ames 27119,Il101T,2019,Havelock,B2,+N,sb3,spb3,Nitrogen,2,4,NA,10.91666667,6.933333333,19.7
4537,PI 550522,T232,2019,Havelock,B2,+N,sb3,spb3,Nitrogen,2,4,7.9,11.28333333,14.33333333,21
4539,Check,Check,2019,Havelock,B2,+N,sb3,spb3,Nitrogen,2,4,6.6,19.33333333,19.4,22
4541,Check,Check,2019,Havelock,B2,+N,sb3,spb3,Nitrogen,2,4,NA,18.4,NA,NA
4543,NSL 81599,A659,2019,Havelock,B2,+N,sb4,spb1,Nitrogen,2,4,NA,12.73333333,NA,NA
4545,Ames 19316,CM174,2019,Havelock,B2,+N,sb4,spb1,Nitrogen,2,4,NA,15.37142857,NA,NA
4547,Ames 23450,A556,2019,Havelock,B2,+N,sb4,spb1,Nitrogen,2,4,5.6,11.4,15.6,23.1
4549,PI 587138,A554,2019,Havelock,B2,+N,sb4,spb1,Nitrogen,2,4,4.6,9.733333333,12.83333333,21.9
4551,Ames 19308,A634,2019,Havelock,B2,+N,sb4,spb1,Nitrogen,2,4,5.3,12.84285714,14.075,24.475
4553,PI 550483,B76,2019,Havelock,B2,+N,sb4,spb1,Nitrogen,2,4,NA,13.41666667,NA,NA
4555,Ames 19311,A641,2019,Havelock,B2,+N,sb4,spb1,Nitrogen,2,4,NA,14.86666667,NA,NA
4557,Check,Check,2019,Havelock,B2,+N,sb4,spb2,Nitrogen,2,4,6.4,19.56666667,21.26666667,21.83333333
4559,Ames 27070,CM7,2019,Havelock,B2,+N,sb4,spb2,Nitrogen,2,4,NA,9.328571429,5.06,18.9
4561,PI 587129,H99,2019,Havelock,B2,+N,sb4,spb2,Nitrogen,2,4,4.9,13.05,8.566666667,17.83333333
4563,Ames 20140,Mt42,2019,Havelock,B2,+N,sb4,spb2,Nitrogen,2,4,NA,13.06,10.3,21.93333333
4565,Ames 27111,EP1,2019,Havelock,B2,+N,sb4,spb2,Nitrogen,2,4,NA,8.942857143,7.633333333,20.95
4567,PI 257507,F7,2019,Havelock,B2,+N,sb4,spb2,Nitrogen,2,4,2.8,11.4,8.22,19.04
4569,Ames 27107,CO255,2019,Havelock,B2,+N,sb4,spb2,Nitrogen,2,4,NA,11.78571429,NA,NA
4571,Check,Check,2019,Havelock,B2,+N,sb4,spb3,Nitrogen,2,4,6.7,18.11666667,19.46666667,21.3
4573,PI 550566,N192,2019,Havelock,B2,+N,sb4,spb3,Nitrogen,2,4,5.4,16.37142857,17.95,24.25
4575,Ames 27152,NC312,2019,Havelock,B2,+N,sb4,spb3,Nitrogen,2,4,NA,14.55,16.91666667,22.4
4577,Ames 27142,NC292,2019,Havelock,B2,+N,sb4,spb3,Nitrogen,2,4,NA,11.31428571,16.71428571,28.25
4579,PI 524969,SD44,2019,Havelock,B2,+N,sb4,spb3,Nitrogen,2,4,5.6,11.2625,17.475,26.325
4581,Check,Check,2019,Havelock,B2,+N,sb4,spb3,Nitrogen,2,4,6.1,19.46666667,14.86666667,19.7
4583,PI 531085,NC262,2019,Havelock,B2,+N,sb4,spb3,Nitrogen,2,4,3.9,11.43333333,5.333333333,18.03333333